{"type":"FeatureCollection","features":[{"type":"Feature","id":"242","properties":{"name":"Fiji"},"geometry":{"type":"MultiPolygon","coordinates":[[[[178.12438,-17.50556],[178.37278,-17.33969],[178.71839,-17.62911],[178.55279,-18.15042],[177.93358,-18.28752],[177.38277,-18.16396],[177.28557,-17.7239],[177.67078,-17.38031],[178.12438,-17.50556]]],[[[-180.0,-16.06688],[-179.7948,-16.02118],[-179.9172,-16.50187],[-180.0,-16.55603],[-180.63721,-16.80145],[-181.27441,-17.01133],[-181.40401,-16.63897],[-180.90361,-16.43417],[-180.58681,-16.37831],[-180.0,-16.06688],[-180.0,-16.06688]]]]}},{"type":"Feature","id":"834","properties":{"name":"Tanzania"},"geometry":{"type":"Polygon","coordinates":[[[33.90334,-0.95064],[34.07254,-1.06066],[37.69778,-3.09681],[37.76618,-3.67735],[39.20259,-4.67596],[38.74179,-5.90815],[38.79939,-6.47515],[39.44019,-6.84075],[39.46899,-7.09971],[39.19539,-7.70395],[39.25299,-8.00861],[39.18819,-8.48591],[39.5374,-9.11216],[39.9514,-10.09892],[40.315,-10.31726],[39.5194,-10.89612],[38.42858,-11.2854],[37.82738,-11.26848],[37.47097,-11.56806],[36.77617,-11.59514],[36.51337,-11.72039],[35.31095,-11.43943],[34.55855,-11.52067],[34.28134,-10.15985],[33.93934,-9.6944],[33.74134,-9.41682],[32.75853,-9.23064],[32.19332,-8.93106],[31.55612,-8.7618],[31.15651,-8.59424],[30.73891,-8.34035],[30.1989,-7.0794],[29.6193,-6.52085],[29.42129,-5.9403],[29.5185,-5.42069],[29.33849,-4.49994],[29.7525,-4.45255],[30.1161,-4.09034],[30.50491,-3.56903],[30.75331,-3.35915],[30.74251,-3.03418],[30.52651,-2.80738],[30.4689,-2.41301],[30.75691,-2.28776],[30.81451,-1.69875],[30.4185,-1.13513],[30.77131,-1.01496],[31.86572,-1.02681],[33.90334,-0.95064]]]}},{"type":"Feature","id":"732","properties":{"name":"W. Sahara"},"geometry":{"type":"Polygon","coordinates":[[[-8.66709,27.65698],[-8.66349,27.58928],[-8.68509,27.39633],[-8.68869,25.88149],[-11.96832,25.93396],[-11.93592,23.37481],[-12.87553,23.28511],[-13.12033,22.77057],[-12.92953,21.32681],[-16.84637,21.33359],[-17.06237,21.00015],[-17.01917,21.4216],[-17.00117,21.41991],[-14.75115,21.50115],[-14.63235,21.86166],[-14.22194,22.31019],[-13.89074,23.69132],[-12.50113,24.76948],[-12.02952,26.03044],[-11.71992,26.10491],[-11.39231,26.88348],[-10.54991,26.99012],[-10.1899,26.86148],[-9.7363,26.86148],[-9.41229,27.08828],[-8.79309,27.12044],[-8.81829,27.65698],[-8.66709,27.65698]]]}},{"type":"Feature","id":"124","properties":{"name":"Canada"},"geometry":{"type":"MultiPolygon","coordinates":[[[[-122.83863,49.00015],[-122.97543,49.00184],[-124.90865,49.98522],[-125.62506,50.41682],[-127.43587,50.8298],[-127.99388,51.71501],[-127.84988,52.32941],[-129.13149,52.75594],[-129.30429,53.56159],[-130.51391,54.2877],[-130.53551,54.80224],[-129.9811,55.28462],[-130.0063,55.91594],[-131.70912,56.55234],[-132.73153,57.69313],[-133.35433,58.41077],[-134.27234,58.86099],[-134.94555,59.27059],[-135.47475,59.78852],[-136.47916,59.46355],[-137.45117,58.905],[-138.34038,59.56171],[-139.03879,60.00009],[-140.0144,60.27767],[-140.99721,60.30644],[-140.99361,66.00021],[-140.98641,69.71199],[-139.12159,69.47164],[-137.54478,68.98927],[-136.50437,68.89787],[-135.62596,69.31593],[-134.41634,69.62736],[-132.92953,69.5055],[-131.43191,69.94387],[-129.7939,70.19437],[-129.10629,69.77969],[-128.36108,70.01326],[-128.13788,70.48379],[-127.44667,70.37716],[-125.75466,69.48011],[-124.42624,70.15882],[-124.28944,69.39886],[-123.06183,69.56304],[-122.68383,69.85586],[-121.47061,69.79831],[-119.9442,69.37855],[-117.60418,69.01127],[-116.22536,68.84201],[-115.24615,68.90633],[-113.89974,68.39856],[-115.30375,67.90264],[-113.49653,67.68769],[-110.79651,67.80617],[-109.9469,67.9805],[-108.88129,67.38133],[-107.79408,67.88741],[-108.81289,68.31224],[-108.16848,68.65414],[-106.95167,68.69984],[-106.14886,68.7997],[-105.34245,68.56105],[-104.33804,68.01774],[-103.22203,68.09729],[-101.45441,67.64707],[-99.9028,67.80617],[-98.44478,67.78247],[-98.55999,68.40364],[-97.67078,68.57797],[-96.11916,68.23946],[-96.12636,67.29332],[-95.48915,68.09052],[-94.68635,68.06344],[-94.23274,69.06882],[-95.30555,69.68491],[-96.47196,70.08943],[-96.39276,71.19467],[-95.20835,71.92078],[-93.89074,71.75998],[-92.87913,71.31823],[-91.51832,70.19098],[-92.40752,69.70014],[-90.54631,69.49703],[-90.54991,68.47473],[-89.21429,69.25838],[-88.01908,68.61521],[-88.31788,67.87387],[-87.34947,67.19854],[-86.30546,67.92126],[-85.57826,68.78447],[-85.52066,69.88294],[-84.10224,69.80508],[-82.62263,69.65783],[-81.27981,69.16191],[-81.21861,68.66599],[-81.96382,68.13283],[-81.25821,67.59798],[-81.38781,67.11053],[-83.34623,66.4115],[-84.73585,66.25748],[-85.76906,66.55875],[-86.06786,66.05606],[-87.03267,65.21317],[-87.32427,64.77479],[-88.48348,64.09946],[-89.9127,64.03345],[-90.70471,63.61031],[-90.76951,62.96037],[-91.93232,62.83512],[-93.15633,62.02439],[-94.23994,60.89883],[-94.62875,60.1101],[-94.68635,58.94901],[-93.21393,58.78144],[-92.76393,57.84546],[-92.29592,57.08719],[-90.89911,57.28522],[-89.03789,56.85193],[-88.04068,56.4711],[-87.32427,55.99888],[-86.07146,55.72299],[-85.01305,55.30324],[-83.36063,55.24569],[-82.27342,55.14752],[-82.43542,54.28262],[-82.12582,53.27724],[-81.40221,52.15846],[-79.9118,51.20894],[-79.14139,51.53391],[-78.60139,52.56129],[-79.12339,54.14214],[-79.829,54.66853],[-78.22698,55.13567],[-77.09657,55.83808],[-76.54217,56.53373],[-76.62497,57.20229],[-77.30177,58.05195],[-78.51859,58.80514],[-77.33777,59.85283],[-77.77338,60.75835],[-78.10818,62.31889],[-77.40977,62.55077],[-75.69616,62.27827],[-74.66655,62.18179],[-73.83854,62.44414],[-72.90973,62.10563],[-71.67852,61.52508],[-71.37251,61.13749],[-69.5905,61.06132],[-69.6193,60.22181],[-69.28809,58.95747],[-68.37368,58.80175],[-67.65008,58.21274],[-66.20286,58.7679],[-65.24525,59.87145],[-64.58285,60.33521],[-63.80524,59.44323],[-62.50203,58.16705],[-61.39681,56.96702],[-61.80002,56.33908],[-60.468,55.77546],[-59.568,55.20338],[-57.97678,54.94611],[-57.33237,54.62621],[-56.93637,53.77993],[-56.15876,53.64791],[-55.75556,53.27047],[-55.68356,52.14661],[-56.41076,51.77087],[-57.12717,51.42051],[-58.77599,51.06507],[-60.0324,50.24249],[-61.72442,50.08],[-63.86284,50.29157],[-65.36405,50.29834],[-66.39726,50.22895],[-67.23607,49.5113],[-68.51049,49.06785],[-69.9541,47.74427],[-71.10611,46.82183],[-70.2565,46.986],[-68.65089,48.29943],[-66.55207,49.13386],[-65.05805,49.23203],[-64.17244,48.74288],[-65.11565,48.07093],[-64.79885,46.99277],[-64.47124,46.23789],[-63.17163,45.73859],[-61.51922,45.88415],[-60.51841,47.00801],[-60.45,46.2819],[-59.802,45.91969],[-61.04041,45.26467],[-63.25443,44.67058],[-64.24804,44.26606],[-65.36405,43.54503],[-66.12366,43.6195],[-66.16326,44.46578],[-64.42444,45.29175],[-66.02646,45.25959],[-67.13887,45.13773],[-67.79048,45.70304],[-67.79048,47.06555],[-68.23328,47.35498],[-68.90649,47.18573],[-69.23769,47.44807],[-70.0009,46.69319],[-70.3033,45.91461],[-70.65971,45.45932],[-71.08451,45.30529],[-71.40491,45.25452],[-71.50572,45.0074],[-73.34893,45.0074],[-74.86815,45.00063],[-75.31815,44.81614],[-76.37656,44.09681],[-76.49896,44.01895],[-76.81937,43.62797],[-77.73738,43.62966],[-78.72019,43.62458],[-79.17019,43.46717],[-79.01179,43.27084],[-78.92179,42.96448],[-78.93979,42.86293],[-80.2466,42.36701],[-81.27621,42.2096],[-82.43902,41.67475],[-82.69103,41.67475],[-83.02943,41.83216],[-83.14103,41.97603],[-83.11943,42.07928],[-82.89983,42.42964],[-82.42822,42.97972],[-82.13662,43.57042],[-82.33822,44.4404],[-82.55063,45.34761],[-83.59464,45.81645],[-83.46863,45.99416],[-83.61624,46.11772],[-83.88984,46.11772],[-84.09144,46.27513],[-84.14184,46.51209],[-84.33624,46.40884],[-84.60625,46.43931],[-84.54505,46.53917],[-84.77905,46.63734],[-84.87625,46.89968],[-85.65386,47.21958],[-86.46026,47.55301],[-87.43947,47.94061],[-88.37908,48.30281],[-89.27189,48.02016],[-89.5995,48.01],[-90.83071,48.27066],[-91.64072,48.14033],[-92.60913,48.45007],[-93.63154,48.60917],[-94.32994,48.6701],[-94.63955,48.83935],[-94.81595,49.38944],[-95.15435,49.38436],[-95.15795,49.00015],[-97.22797,49.00015],[-100.65161,49.00015],[-104.05004,49.00015],[-107.04887,49.00015],[-110.0513,49.00015],[-112.99973,49.00015],[-116.04896,49.00015],[-117.03177,49.00015],[-119.9982,49.00015],[-122.83863,49.00015]]],[[[-83.99424,62.4526],[-83.24903,62.91467],[-81.87742,62.90452],[-81.89902,62.71157],[-83.06903,62.15979],[-83.77464,62.18179],[-83.99424,62.4526]]],[[[-79.775,72.8026],[-80.87661,73.33237],[-80.83341,73.69289],[-80.3546,73.7589],[-78.06498,73.65226],[-76.34056,73.10218],[-76.25056,72.8263],[-77.31617,72.85507],[-78.39258,72.87707],[-79.48699,72.74167],[-79.775,72.8026]]],[[[-80.315,62.08532],[-79.9298,62.3849],[-79.5194,62.3629],[-79.26739,62.1581],[-79.6562,61.63341],[-80.099,61.71803],[-80.3618,62.01592],[-80.315,62.08532]]],[[[-93.61354,74.97923],[-94.15714,74.59163],[-95.60796,74.66611],[-96.82117,74.92845],[-96.28836,75.37867],[-94.85195,75.64779],[-93.97714,75.29574],[-93.61354,74.97923]]],[[[-93.84034,77.51976],[-94.29394,77.49099],[-96.16956,77.5553],[-96.43596,77.83458],[-94.42354,77.81934],[-93.72154,77.63485],[-93.84034,77.51976]]],[[[-96.75277,78.76548],[-95.55756,78.41851],[-95.83116,78.0563],[-97.31077,77.84981],[-98.12438,78.08338],[-98.55279,78.45744],[-98.63199,78.87211],[-97.33597,78.83149],[-96.75277,78.76548]]],[[[-88.14868,74.39191],[-89.7651,74.51547],[-92.42192,74.83706],[-92.76753,75.38714],[-92.88993,75.88306],[-93.89434,76.31974],[-95.96076,76.4416],[-97.11997,76.75134],[-96.74557,77.16094],[-94.68275,77.09831],[-93.57394,76.77673],[-91.60472,76.77842],[-90.74071,76.45006],[-90.97111,76.07432],[-89.8227,75.84751],[-89.18549,75.61055],[-87.83908,75.56655],[-86.37746,75.48192],[-84.78985,75.69857],[-82.75223,75.78489],[-81.12861,75.7138],[-80.0558,75.33636],[-79.8326,74.92338],[-80.459,74.65764],[-81.94942,74.44269],[-83.22743,74.56455],[-86.09666,74.41053],[-88.14868,74.39191]]],[[[-111.26451,78.15278],[-109.8533,77.99706],[-110.1881,77.69748],[-112.05292,77.40974],[-113.53254,77.73302],[-112.72613,78.05122],[-111.26451,78.15278]]],[[[-110.96211,78.80441],[-109.6625,78.60131],[-110.88291,78.40666],[-112.54253,78.40835],[-112.52453,78.55053],[-111.49851,78.85011],[-110.96211,78.80441]]],[[[-55.60076,51.31726],[-56.13356,50.68763],[-56.79597,49.81258],[-56.14436,50.1494],[-55.47115,49.93613],[-55.82396,49.58747],[-54.93475,49.31327],[-54.47394,49.557],[-53.47673,49.24895],[-53.78634,48.51608],[-53.08793,48.68702],[-52.95833,48.15725],[-52.64873,47.53608],[-53.06993,46.65595],[-53.51994,46.61872],[-54.17874,46.80659],[-53.96274,47.62579],[-54.23994,47.75273],[-55.39915,46.88445],[-55.99676,46.91999],[-55.29115,47.38883],[-56.25236,47.63256],[-57.32517,47.57332],[-59.26559,47.60379],[-59.42039,47.89998],[-58.79759,48.25204],[-59.23319,48.52285],[-58.39078,49.1254],[-57.35757,50.71809],[-56.73837,51.28679],[-55.87076,51.63208],[-55.40635,51.58807],[-55.60076,51.31726]]],[[[-83.88264,65.10992],[-82.78823,64.76633],[-81.64342,64.4549],[-81.55342,63.97929],[-80.81901,64.05715],[-80.1026,63.72541],[-80.99181,63.41059],[-82.54703,63.65094],[-83.10863,64.10116],[-84.09864,63.56969],[-85.52426,63.05177],[-85.86626,63.63739],[-87.22347,63.54092],[-86.35226,64.03515],[-86.22626,64.82219],[-85.88426,65.73955],[-85.16065,65.65662],[-84.97705,65.21824],[-84.46224,65.37227],[-83.88264,65.10992]]],[[[-78.77059,72.35238],[-77.82378,72.75013],[-75.60616,72.24406],[-74.22734,71.76675],[-74.09774,71.33007],[-72.24372,71.55688],[-71.19971,70.92047],[-68.78769,70.52442],[-67.91648,70.12159],[-66.96967,69.1856],[-68.80569,68.72015],[-66.45126,68.06682],[-64.86365,67.84679],[-63.42363,66.92773],[-61.85042,66.86172],[-62.16362,66.161],[-63.91684,64.99821],[-65.14805,65.42643],[-66.72127,66.3878],[-68.01368,66.26255],[-68.13968,65.69047],[-67.08847,65.10823],[-65.73126,64.64785],[-65.32085,64.38212],[-64.66925,63.39367],[-65.01485,62.67433],[-66.27486,62.94514],[-68.78409,63.74572],[-67.36927,62.88421],[-66.32886,62.27996],[-66.16686,61.9313],[-68.87769,62.33074],[-71.02331,62.91129],[-72.23652,63.39705],[-71.88732,63.67971],[-73.37773,64.19425],[-74.83575,64.67832],[-74.81775,64.38889],[-77.70858,64.22979],[-78.55459,64.57338],[-77.89578,65.30964],[-76.01656,65.32657],[-73.96094,65.4552],[-74.29214,65.81233],[-73.94654,66.30994],[-72.65053,67.28486],[-72.92773,67.72662],[-73.31293,68.07021],[-74.84295,68.55428],[-76.86977,68.89448],[-76.22896,69.14837],[-77.28737,69.76953],[-78.16938,69.82708],[-78.95779,70.16729],[-79.49419,69.87109],[-81.30501,69.74245],[-84.94465,69.96587],[-87.06147,70.26038],[-88.68149,70.41101],[-89.5131,70.76137],[-88.46908,71.21836],[-89.8875,71.22175],[-90.2043,72.23559],[-89.43749,73.12926],[-88.40788,73.53717],[-85.82666,73.80459],[-86.56107,73.15804],[-85.77266,72.53348],[-84.85105,73.34083],[-82.31662,73.75043],[-80.59941,72.71628],[-80.75061,72.06126],[-78.77059,72.35238]]],[[[-94.50275,74.13464],[-92.41832,74.10079],[-90.51031,73.85706],[-92.00432,72.96678],[-93.19593,72.77213],[-94.26874,72.02402],[-95.40995,72.06126],[-96.03276,72.9397],[-96.01836,73.43731],[-95.49635,73.86214],[-94.50275,74.13464]]],[[[-122.85663,76.11663],[-121.15741,76.86474],[-119.10539,77.51299],[-117.57178,77.49776],[-116.20016,77.64501],[-116.33696,76.87659],[-117.10737,76.52961],[-118.03978,76.48053],[-119.901,76.054],[-121.49941,75.89998],[-122.85663,76.11663]]],[[[-132.70993,54.04059],[-131.74872,54.12014],[-132.05112,52.98443],[-131.17991,52.18047],[-131.57952,52.18216],[-132.18072,52.63915],[-132.55153,53.09952],[-133.05553,53.41096],[-133.23913,53.85102],[-133.18153,54.16922],[-132.70993,54.04059]]],[[[-105.49365,79.30202],[-103.52804,79.16493],[-100.82441,78.80103],[-100.0612,78.32542],[-99.6724,77.90736],[-101.30321,78.01907],[-102.94843,78.34404],[-105.17685,78.37958],[-104.21204,78.67747],[-105.41805,78.91781],[-105.49365,79.30202]]],[[[-123.50824,48.50931],[-124.01224,48.37052],[-125.65386,48.82581],[-125.95626,49.17956],[-126.84907,49.52992],[-127.02907,49.81427],[-128.05868,49.99537],[-128.44388,50.53868],[-128.35748,50.77056],[-127.30987,50.55222],[-126.69427,50.40159],[-125.75466,50.29496],[-125.41625,49.94967],[-124.91945,49.47576],[-123.92224,49.06277],[-123.50824,48.50931]]],[[[-121.53902,74.44946],[-120.1098,74.24127],[-117.55738,74.18542],[-116.58537,73.89599],[-115.51256,73.47455],[-116.76897,73.22235],[-119.22059,72.51994],[-120.459,71.81922],[-120.459,71.38424],[-123.09063,70.90186],[-123.61984,71.34023],[-125.92746,71.86831],[-125.49905,72.29145],[-124.80785,73.02263],[-123.94024,73.67934],[-124.91945,74.29205],[-121.53902,74.44946]]],[[[-107.81928,75.84582],[-106.93007,76.01338],[-105.88246,75.96938],[-105.70606,75.48023],[-106.31446,75.00462],[-109.6985,74.8506],[-112.22212,74.4173],[-113.74494,74.3936],[-113.87094,74.72027],[-111.79372,75.16203],[-116.31176,75.04355],[-117.71218,75.22296],[-116.34776,76.19956],[-115.40455,76.47884],[-112.58933,76.14202],[-110.81451,75.54962],[-109.06849,75.47346],[-110.4977,76.42975],[-109.5797,76.79365],[-108.55009,76.67856],[-108.21168,76.20126],[-107.81928,75.84582]]],[[[-106.52327,73.07679],[-105.40365,72.67227],[-104.77365,71.69905],[-104.46404,70.99325],[-102.78643,70.49733],[-100.97921,70.02511],[-101.09081,69.58505],[-102.73243,69.5038],[-102.09162,69.11959],[-102.43002,68.75231],[-104.24084,68.90971],[-105.96166,69.18052],[-107.12087,69.11959],[-109.00009,68.77939],[-111.53452,68.63044],[-113.31293,68.53566],[-113.85654,69.00788],[-115.22095,69.28039],[-116.10656,69.16868],[-117.34137,69.96079],[-116.67537,70.06573],[-115.13095,70.23668],[-113.71974,70.19267],[-112.41652,70.36701],[-114.34974,70.60058],[-116.48816,70.52103],[-117.90658,70.54134],[-118.43218,70.90863],[-116.11376,71.30976],[-117.65458,71.29453],[-119.40059,71.55857],[-118.56179,72.30837],[-117.86698,72.70612],[-115.18855,73.31375],[-114.16614,73.1208],[-114.66655,72.65196],[-112.44172,72.95493],[-111.05211,72.45055],[-109.9217,72.9617],[-109.00729,72.63334],[-108.19008,71.65166],[-107.68608,72.06464],[-108.39528,73.09033],[-107.51688,73.23589],[-106.52327,73.07679]]],[[[-100.4392,72.70612],[-101.54082,73.35945],[-100.3564,73.84352],[-99.16479,73.63365],[-97.37917,73.76059],[-97.11997,73.46947],[-98.05238,72.99047],[-96.54037,72.56056],[-96.72037,71.66012],[-98.35838,71.27253],[-99.32319,71.35715],[-100.0144,71.73798],[-102.49842,72.50979],[-102.48042,72.82968],[-100.4392,72.70612]]],[[[-106.59887,73.59979],[-105.25965,73.64042],[-104.50005,73.42038],[-105.37845,72.76029],[-106.94087,73.45931],[-106.59887,73.59979]]],[[[-98.49878,76.71918],[-97.73558,76.25711],[-97.70318,75.74427],[-98.16038,74.99954],[-99.8092,74.89799],[-100.88201,75.05709],[-100.86401,75.64102],[-102.50203,75.56316],[-102.56683,76.33666],[-101.49041,76.3062],[-99.982,76.6464],[-98.57799,76.58885],[-98.49878,76.71918]]],[[[-96.01476,80.60191],[-95.32355,80.90657],[-94.29754,80.97766],[-94.73675,81.20615],[-92.41112,81.25693],[-91.13311,80.72377],[-89.44829,80.50882],[-87.81028,80.31925],[-87.01827,79.65915],[-85.81586,79.33757],[-87.18747,79.03968],[-89.03429,78.28649],[-90.80551,78.2154],[-92.87553,78.34404],[-93.95194,78.75025],[-93.93754,79.11415],[-93.14553,79.37988],[-94.97435,79.37311],[-96.07596,79.70485],[-96.70957,80.15846],[-96.01476,80.60191]]],[[[-91.58672,81.89502],[-90.0999,82.08459],[-88.93349,82.11675],[-86.97147,82.27924],[-85.49905,82.6516],[-84.26064,82.60082],[-83.18063,82.31986],[-82.42102,82.85978],[-81.09981,83.02058],[-79.30699,83.13059],[-76.25056,83.17121],[-75.71776,83.06458],[-72.83053,83.23384],[-70.66691,83.16952],[-68.49968,83.1069],[-65.82846,83.02735],[-63.67924,82.9004],[-61.85042,82.6279],[-61.89362,82.36217],[-64.33444,81.92718],[-66.75367,81.72577],[-67.65728,81.50066],[-65.47925,81.50574],[-67.84088,80.8998],[-69.46809,80.61714],[-71.18171,79.79964],[-73.24453,79.63377],[-73.88174,79.43066],[-76.90937,79.32234],[-75.53056,79.19709],[-76.22176,79.01937],[-75.39375,78.52514],[-76.34416,78.18324],[-77.88858,77.90059],[-78.36378,77.50791],[-79.7606,77.21002],[-79.6202,76.98322],[-77.91018,77.02215],[-77.88858,76.77842],[-80.55981,76.17756],[-83.17343,76.45345],[-86.11106,76.29943],[-87.60148,76.4196],[-89.49149,76.47207],[-89.6175,76.95275],[-87.76708,77.17786],[-88.26028,77.90059],[-87.64828,77.96998],[-84.97705,77.53838],[-86.34146,78.17986],[-87.96148,78.37112],[-87.15147,78.75871],[-85.38025,78.99736],[-85.09585,79.34603],[-86.50707,79.73701],[-86.93187,80.25155],[-84.19944,80.20754],[-83.40743,80.09922],[-81.84862,80.46481],[-84.09864,80.57991],[-87.59788,80.51559],[-89.36549,80.85579],[-90.2007,81.26031],[-91.36711,81.55313],[-91.58672,81.89502]]],[[[-75.21735,67.44396],[-75.86536,67.14945],[-76.98857,67.09868],[-77.23697,67.58783],[-76.81217,68.14806],[-75.89416,68.28685],[-75.11295,68.01097],[-75.10215,67.58275],[-75.21735,67.44396]]],[[[-96.25596,69.49026],[-95.64756,69.10774],[-96.27036,68.75738],[-97.61678,69.06035],[-98.43038,68.95034],[-99.7984,69.40056],[-98.91639,69.7103],[-98.21798,70.14359],[-97.15597,69.85924],[-96.55837,69.67983],[-96.25596,69.49026]]],[[[-64.51805,49.87351],[-64.17244,49.95644],[-62.85843,49.70594],[-61.83602,49.28788],[-61.80722,49.10509],[-62.29322,49.08647],[-63.58924,49.40128],[-64.51805,49.87351]]],[[[-64.01404,47.03678],[-63.66484,46.54932],[-62.93763,46.41561],[-62.01242,46.44269],[-62.50563,46.03309],[-62.87283,45.96878],[-64.14364,46.39192],[-64.39204,46.72704],[-64.01404,47.03678]]]]}},{"type":"Feature","id":"840","properties":{"name":"United States of America"},"geometry":{"type":"MultiPolygon","coordinates":[[[[-122.83863,49.00015],[-119.9982,49.00015],[-117.03177,49.00015],[-116.04896,49.00015],[-112.99973,49.00015],[-110.0513,49.00015],[-107.04887,49.00015],[-104.05004,49.00015],[-100.65161,49.00015],[-97.22797,49.00015],[-95.15795,49.00015],[-95.15435,49.38436],[-94.81595,49.38944],[-94.63955,48.83935],[-94.32994,48.6701],[-93.63154,48.60917],[-92.60913,48.45007],[-91.64072,48.14033],[-90.83071,48.27066],[-89.5995,48.01],[-89.27189,48.02016],[-88.37908,48.30281],[-87.43947,47.94061],[-86.46026,47.55301],[-85.65386,47.21958],[-84.87625,46.89968],[-84.77905,46.63734],[-84.54505,46.53917],[-84.60625,46.43931],[-84.33624,46.40884],[-84.14184,46.51209],[-84.09144,46.27513],[-83.88984,46.11772],[-83.61624,46.11772],[-83.46863,45.99416],[-83.59464,45.81645],[-82.55063,45.34761],[-82.33822,44.4404],[-82.13662,43.57042],[-82.42822,42.97972],[-82.89983,42.42964],[-83.11943,42.07928],[-83.14103,41.97603],[-83.02943,41.83216],[-82.69103,41.67475],[-82.43902,41.67475],[-81.27621,42.2096],[-80.2466,42.36701],[-78.93979,42.86293],[-78.92179,42.96448],[-79.01179,43.27084],[-79.17019,43.46717],[-78.72019,43.62458],[-77.73738,43.62966],[-76.81937,43.62797],[-76.49896,44.01895],[-76.37656,44.09681],[-75.31815,44.81614],[-74.86815,45.00063],[-73.34893,45.0074],[-71.50572,45.0074],[-71.40491,45.25452],[-71.08451,45.30529],[-70.65971,45.45932],[-70.3033,45.91461],[-70.0009,46.69319],[-69.23769,47.44807],[-68.90649,47.18573],[-68.23328,47.35498],[-67.79048,47.06555],[-67.79048,45.70304],[-67.13887,45.13773],[-66.96607,44.80937],[-68.03168,44.3253],[-69.06129,43.98002],[-70.1161,43.68382],[-70.64531,43.08973],[-70.81451,42.86462],[-70.82531,42.33485],[-70.4941,41.80508],[-70.0801,41.77969],[-70.1845,42.14529],[-69.8857,41.92356],[-69.9649,41.63752],[-70.64171,41.47503],[-71.12051,41.49365],[-71.85852,41.31932],[-72.29412,41.27023],[-72.87733,41.22115],[-73.70894,40.93172],[-72.24012,41.1196],[-71.94492,40.93003],[-73.34533,40.63045],[-73.98254,40.62875],[-73.95374,40.75062],[-74.25614,40.47304],[-73.96094,40.42734],[-74.17694,39.70969],[-74.90775,38.93958],[-74.97975,39.19685],[-75.19935,39.24763],[-75.52696,39.49812],[-75.32175,38.95989],[-75.07335,38.78217],[-75.05535,38.40473],[-75.37575,38.01544],[-75.94096,37.21655],[-76.03096,37.25718],[-75.72136,37.93758],[-76.23256,38.31841],[-76.35136,39.14946],[-76.54217,38.71785],[-76.32976,38.08314],[-76.98857,38.24055],[-76.30096,37.91727],[-76.25776,36.96606],[-75.97336,36.89666],[-75.86896,36.55138],[-75.72856,35.55108],[-76.36216,34.80804],[-77.39897,34.51185],[-78.05418,33.92622],[-78.55459,33.8619],[-79.06219,33.49462],[-79.20259,33.1578],[-80.3006,32.50955],[-80.86581,32.03394],[-81.33741,31.43985],[-81.49221,30.73067],[-81.31221,30.03503],[-80.98101,29.18029],[-80.53461,28.4728],[-80.53101,28.0395],[-80.0558,26.8801],[-80.0882,26.20646],[-80.1314,25.81717],[-80.3798,25.20616],[-80.67861,25.07922],[-81.17181,25.20108],[-81.33021,25.63945],[-81.70822,25.86964],[-82.24102,26.72946],[-82.70543,27.4945],[-82.85663,27.88548],[-82.65143,28.55065],[-82.92863,29.10074],[-83.70984,29.93686],[-84.09864,30.08919],[-85.11025,29.63558],[-85.28665,29.68636],[-85.77266,30.15182],[-86.39906,30.40062],[-87.52948,30.27368],[-88.41868,30.38539],[-89.18189,30.31599],[-89.5923,30.16028],[-89.41229,29.89455],[-89.43029,29.48833],[-89.21789,29.2903],[-89.40869,29.15998],[-89.7795,29.30723],[-90.1539,29.11766],[-90.88111,29.14813],[-91.62632,29.67621],[-92.49752,29.55265],[-93.22473,29.78453],[-93.84754,29.71344],[-94.68995,29.47987],[-95.60076,28.73853],[-96.59437,28.30693],[-97.14157,27.82962],[-97.36837,27.3794],[-97.37917,26.69053],[-97.32877,26.20985],[-97.14157,25.86964],[-97.53038,25.83918],[-98.23958,26.05921],[-99.02079,26.37064],[-99.30159,26.83948],[-99.5212,27.5402],[-100.1116,28.11059],[-100.4572,28.69621],[-100.95761,29.38001],[-101.66322,29.77945],[-102.48042,29.76083],[-103.11043,28.97041],[-103.93844,29.26999],[-104.45684,29.57127],[-104.70525,30.12135],[-105.03645,30.64435],[-105.63046,31.08442],[-106.14166,31.39923],[-106.50887,31.75467],[-108.24048,31.75467],[-108.24048,31.34168],[-109.03609,31.34168],[-111.02331,31.33491],[-113.30573,32.03902],[-114.81415,32.52478],[-114.72055,32.72112],[-115.99136,32.6128],[-117.12897,32.53494],[-117.29457,33.04609],[-117.94258,33.62156],[-118.41058,33.74173],[-118.51859,34.02777],[-119.08019,34.07855],[-119.44019,34.34767],[-120.369,34.44753],[-120.62461,34.60832],[-120.74341,35.15671],[-121.71542,36.16209],[-122.54703,37.55168],[-122.51103,37.78356],[-122.95383,38.11361],[-123.72784,38.95143],[-123.86464,39.76724],[-124.39744,40.31394],[-124.17784,41.1416],[-124.21384,41.99973],[-124.53425,42.76645],[-124.14184,43.70921],[-124.01944,44.61642],[-123.90064,45.52363],[-124.08064,46.86414],[-124.39744,47.72057],[-124.68545,48.18433],[-124.56665,48.37898],[-123.11943,48.04047],[-122.58663,47.09602],[-122.33822,47.36006],[-122.50023,48.17926],[-122.83863,49.00015]]],[[[-155.40095,20.0794],[-155.22455,19.99308],[-155.06255,19.85937],[-154.80695,19.50901],[-154.83215,19.45315],[-155.22095,19.23989],[-155.54136,19.08417],[-155.68896,18.91661],[-155.93736,19.05879],[-155.90856,19.33806],[-156.07416,19.70365],[-156.02376,19.81367],[-155.85096,19.97785],[-155.91936,20.17418],[-155.86176,20.26727],[-155.78616,20.24865],[-155.40095,20.0794]]],[[[-155.99496,20.76489],[-156.07776,20.64471],[-156.41616,20.57193],[-156.58537,20.7835],[-156.70057,20.86475],[-156.71137,20.92737],[-156.61417,21.012],[-156.25776,20.91722],[-155.99496,20.76489]]],[[[-156.75817,21.17618],[-156.79057,21.06955],[-157.32697,21.09832],[-157.25137,21.22018],[-156.75817,21.17618]]],[[[-158.02538,21.7178],[-157.94258,21.65348],[-157.65458,21.32174],[-157.70858,21.26419],[-157.77698,21.27773],[-158.12618,21.31327],[-158.25218,21.53838],[-158.29178,21.57901],[-158.02538,21.7178]]],[[[-159.36459,22.21541],[-159.34659,21.98183],[-159.46539,21.88367],[-159.8002,22.06477],[-159.7498,22.13755],[-159.595,22.23572],[-159.36459,22.21541]]],[[[-166.46746,60.3843],[-165.67546,60.2929],[-165.57826,59.91038],[-166.19386,59.75467],[-166.84907,59.94085],[-167.45387,60.21335],[-166.46746,60.3843]]],[[[-153.23013,57.96902],[-152.56413,57.90131],[-152.14292,57.59158],[-153.00693,57.11597],[-154.00414,56.73514],[-154.51535,56.99241],[-154.67015,57.46125],[-153.76294,57.81669],[-153.23013,57.96902]]],[[[-140.98641,69.71199],[-140.99361,66.00021],[-140.99721,60.30644],[-140.0144,60.27767],[-139.03879,60.00009],[-138.34038,59.56171],[-137.45117,58.905],[-136.47916,59.46355],[-135.47475,59.78852],[-134.94555,59.27059],[-134.27234,58.86099],[-133.35433,58.41077],[-132.73153,57.69313],[-131.70912,56.55234],[-130.0063,55.91594],[-129.9811,55.28462],[-130.53551,54.80224],[-131.08631,55.17968],[-131.96832,55.49788],[-132.24912,56.36955],[-133.53794,57.17859],[-134.07794,58.12304],[-135.03915,58.18736],[-136.62677,58.21274],[-137.80038,58.50048],[-139.8668,59.53802],[-140.82441,59.72758],[-142.57403,60.08471],[-143.96004,59.99839],[-145.92566,60.45877],[-147.11367,60.88529],[-148.22608,60.67372],[-148.01728,59.97808],[-148.57169,59.91377],[-149.7273,59.70558],[-150.60931,59.36876],[-151.71812,59.1555],[-151.85852,59.74451],[-151.40851,60.72619],[-150.3465,61.03424],[-150.62011,61.28474],[-151.89452,60.72789],[-152.57853,60.06102],[-154.01854,59.35014],[-153.28773,58.86438],[-154.23094,58.14673],[-155.30735,57.72698],[-156.30816,57.42232],[-156.55657,56.98056],[-158.11898,56.46433],[-158.43218,55.9938],[-159.6022,55.56728],[-160.2898,55.64344],[-161.22221,55.36417],[-162.23742,55.02396],[-163.06903,54.69053],[-164.78625,54.40449],[-164.94105,54.57205],[-163.84664,55.0392],[-162.87103,55.34724],[-161.80542,55.89563],[-160.56341,56.00734],[-160.0702,56.41863],[-158.68419,57.01611],[-158.46098,57.21752],[-157.72298,57.56957],[-157.55018,58.32784],[-157.04257,58.91854],[-158.19458,58.61557],[-158.51859,58.78821],[-159.05859,58.42431],[-159.7102,58.93208],[-159.9802,58.57326],[-160.3546,59.07087],[-161.35541,58.67143],[-161.96742,58.67143],[-162.05382,59.26721],[-161.87382,59.6328],[-162.51823,59.98993],[-163.81784,59.79867],[-164.66385,60.26751],[-165.34785,60.50785],[-165.35145,61.07317],[-166.12186,61.49969],[-165.73306,62.07516],[-164.91945,62.63371],[-164.56305,63.14655],[-163.75304,63.21933],[-163.06543,63.06023],[-162.25902,63.54261],[-161.53542,63.45629],[-160.77221,63.76603],[-160.95941,64.22302],[-161.51742,64.40243],[-160.77941,64.78833],[-161.39141,64.77649],[-162.45342,64.55984],[-162.75943,64.33811],[-163.54784,64.55984],[-164.95905,64.44644],[-166.42426,64.68678],[-166.84547,65.08961],[-168.10908,65.67016],[-166.70507,66.08822],[-164.47304,66.57737],[-163.65224,66.57737],[-163.78904,66.07637],[-161.67942,66.1153],[-162.48942,66.73478],[-163.72064,67.1156],[-164.42984,67.6166],[-165.39105,68.04312],[-166.76267,68.35963],[-166.20466,68.88263],[-164.42984,68.91479],[-163.16983,69.37178],[-162.93223,69.85755],[-161.90982,70.33316],[-160.93421,70.44825],[-159.04059,70.8917],[-158.11898,70.824],[-156.58177,71.35715],[-155.06615,71.14728],[-154.34254,70.69706],[-153.89974,70.89001],[-152.21132,70.83077],[-152.26892,70.60058],[-150.73891,70.42963],[-149.7201,70.52949],[-147.61408,70.21468],[-145.69166,70.11989],[-144.92125,69.98957],[-143.58924,70.15205],[-142.07362,69.85247],[-140.98641,69.71199]]],[[[-171.73072,63.78295],[-171.11511,63.5917],[-170.4923,63.69494],[-169.6823,63.4309],[-168.68869,63.29719],[-168.77149,63.18887],[-169.5311,62.9773],[-170.2907,63.19394],[-170.67231,63.37505],[-171.55432,63.3175],[-171.79192,63.40551],[-171.73072,63.78295]]]]}},{"type":"Feature","id":"398","properties":{"name":"Kazakhstan"},"geometry":{"type":"Polygon","coordinates":[[[87.36027,49.2151],[86.59707,48.54993],[85.76906,48.45514],[85.72226,47.45315],[85.16425,47.00124],[83.18063,47.32959],[82.46062,45.53887],[81.94582,45.31714],[79.9658,44.9177],[80.86581,43.18113],[80.1818,42.92048],[80.261,42.35009],[79.6454,42.49734],[79.14139,42.85616],[77.65818,42.9611],[75.99856,42.98818],[75.63856,42.87816],[74.21294,43.29792],[73.64414,43.09143],[73.48933,42.50072],[71.84412,42.846],[71.18531,42.70383],[70.96211,42.26546],[70.3897,42.08097],[69.06849,41.38363],[68.63289,40.66937],[68.25848,40.6626],[67.98488,41.13652],[66.71407,41.16868],[66.50887,41.98788],[66.02286,41.99465],[66.09846,42.99834],[64.89965,43.72783],[63.18603,43.64997],[62.01242,43.50441],[61.05841,44.40654],[60.2412,44.78398],[58.68959,45.49994],[58.50239,45.58626],[55.92836,44.99555],[55.96796,41.30916],[55.45675,41.26008],[54.75475,42.04373],[54.07794,42.3247],[52.94393,42.11651],[52.50113,41.78308],[52.44712,42.02681],[52.69193,42.44318],[52.50113,42.79184],[51.34191,43.13374],[50.89191,44.0308],[50.3375,44.28468],[50.3051,44.60965],[51.27711,44.51487],[51.31671,45.24605],[52.16632,45.40854],[53.04113,45.25959],[53.22113,46.23451],[53.04113,46.85229],[52.04032,46.8049],[51.19071,47.04863],[50.0351,46.60856],[49.10269,46.39869],[48.59149,46.56117],[48.69589,47.07571],[48.05868,47.74427],[47.31347,47.7155],[46.46746,48.39421],[47.04347,49.15248],[46.75187,49.35559],[47.55108,50.45406],[48.57709,49.8752],[48.70309,50.60469],[50.76591,51.69301],[52.32832,51.7184],[54.53155,51.02614],[55.71596,50.62162],[56.77797,51.04307],[58.36198,51.06338],[59.6436,50.54545],[59.9316,50.84165],[61.33921,50.79934],[61.58762,51.27325],[59.9676,51.96043],[60.92881,52.44789],[60.74161,52.72039],[61.69922,52.97935],[60.97921,53.66484],[61.43641,54.00674],[65.17685,54.35371],[65.66646,54.60082],[68.16848,54.9698],[69.06849,55.38448],[70.86491,55.16952],[71.18171,54.13368],[72.22572,54.37741],[73.50734,54.03551],[73.42453,53.49051],[74.38574,53.54636],[76.89137,54.49081],[76.52417,54.17768],[77.80218,53.40419],[80.0342,50.86535],[80.56701,51.38835],[81.94582,50.81288],[83.38223,51.06845],[83.93664,50.88904],[84.41544,50.31188],[85.11385,50.11724],[85.54226,49.6924],[86.83107,49.82612],[87.36027,49.2151]]]}},{"type":"Feature","id":"860","properties":{"name":"Uzbekistan"},"geometry":{"type":"Polygon","coordinates":[[[55.96796,41.30916],[55.92836,44.99555],[58.50239,45.58626],[58.68959,45.49994],[60.2412,44.78398],[61.05841,44.40654],[62.01242,43.50441],[63.18603,43.64997],[64.89965,43.72783],[66.09846,42.99834],[66.02286,41.99465],[66.50887,41.98788],[66.71407,41.16868],[67.98488,41.13652],[68.25848,40.6626],[68.63289,40.66937],[69.06849,41.38363],[70.3897,42.08097],[70.96211,42.26546],[71.26091,42.16729],[70.4185,41.52073],[71.15651,41.14329],[71.86932,41.3921],[73.05373,40.86571],[71.77572,40.14637],[71.01251,40.24454],[70.60211,40.21915],[70.4581,40.49673],[70.66691,40.96049],[69.33129,40.72861],[69.01089,40.08544],[68.53569,39.53367],[67.70048,39.58106],[67.44127,39.1393],[68.17568,38.90234],[68.39168,38.15762],[67.83008,37.14547],[67.07407,37.35534],[66.51967,37.36211],[66.54487,37.97482],[65.21645,38.40304],[64.16884,38.89219],[63.51724,39.36272],[62.37602,40.05328],[61.88282,41.08405],[61.54802,41.26685],[60.4644,41.22115],[60.0828,41.42595],[59.9748,42.22314],[58.62839,42.75122],[57.78598,42.17067],[56.93277,41.82539],[57.09477,41.3227],[55.96796,41.30916]]]}},{"type":"Feature","id":"598","properties":{"name":"Papua New Guinea"},"geometry":{"type":"MultiPolygon","coordinates":[[[[141.00081,-2.60089],[142.73603,-3.28976],[144.58285,-3.86184],[145.27405,-4.373],[145.82846,-4.87568],[145.98326,-5.46639],[147.64648,-6.08417],[147.89128,-6.61394],[146.96967,-6.72227],[147.19287,-7.38744],[148.08568,-8.04415],[148.73369,-9.10539],[149.30609,-9.07154],[149.26649,-9.51499],[150.0405,-9.68424],[149.7381,-9.87212],[150.80011,-10.29357],[150.69211,-10.58299],[150.0297,-10.65239],[149.7813,-10.39343],[148.92449,-10.28172],[147.91288,-10.13108],[147.13527,-9.49298],[146.56647,-8.9429],[146.04806,-8.06785],[144.74485,-7.62948],[143.89884,-7.91552],[143.28683,-8.24557],[143.41283,-8.98352],[142.62803,-9.32711],[142.07002,-9.15955],[141.03321,-9.11724],[141.01881,-5.85906],[141.00081,-2.60089]]],[[[152.63973,-3.66043],[153.02133,-3.98032],[153.14013,-4.49994],[152.82693,-4.76567],[152.63973,-4.17666],[152.40572,-3.78906],[151.95212,-3.4624],[151.38331,-3.03587],[150.66331,-2.74137],[150.94051,-2.49933],[151.48051,-2.7803],[151.81892,-3.00033],[152.24012,-3.24067],[152.63973,-3.66043]]],[[[151.30051,-5.84044],[150.75331,-6.08417],[150.2421,-6.31774],[149.7093,-6.31605],[148.88849,-6.02662],[148.31968,-5.74735],[148.40248,-5.43761],[149.29889,-5.58317],[149.8461,-5.50532],[149.9973,-5.02632],[150.1413,-5.00093],[150.2385,-5.5324],[150.80731,-5.45623],[151.08811,-5.11434],[151.64612,-4.75721],[151.53812,-4.1682],[152.13572,-4.14958],[152.33732,-4.31376],[152.31932,-4.86722],[151.98452,-5.47824],[151.45891,-5.55948],[151.30051,-5.84044]]],[[[154.76015,-5.33945],[155.06255,-5.56625],[155.54856,-6.20096],[156.02016,-6.53947],[155.87976,-6.82043],[155.59896,-6.9203],[155.16695,-6.53608],[154.72775,-5.90138],[154.51535,-5.13972],[154.65215,-5.04325],[154.76015,-5.33945]]]]}},{"type":"Feature","id":"360","properties":{"name":"Indonesia"},"geometry":{"type":"MultiPolygon","coordinates":[[[[141.00081,-2.60089],[141.01881,-5.85906],[141.03321,-9.11724],[140.144,-8.29635],[139.12879,-8.09662],[138.88039,-8.38097],[137.61318,-8.41144],[138.03798,-7.59732],[138.66799,-7.31974],[138.40878,-6.23312],[137.92638,-5.39361],[135.98956,-4.54733],[135.16515,-4.4627],[133.66394,-3.53856],[133.36873,-4.02433],[132.98353,-4.11234],[132.75673,-3.74675],[132.75313,-3.31176],[131.98992,-2.82092],[133.06633,-2.4604],[133.77914,-2.47902],[133.69634,-2.21498],[132.23112,-2.21329],[131.83512,-1.61751],[130.94231,-1.43302],[130.52111,-0.9371],[131.86752,-0.69507],[132.37872,-0.37009],[133.98434,-0.77969],[134.14274,-1.15206],[134.42354,-2.76845],[135.45675,-3.36762],[136.29196,-2.30638],[137.44037,-1.70383],[138.32958,-1.70214],[139.18639,-2.0508],[139.928,-2.40963],[141.00081,-2.60089]]],[[[124.96985,-8.89213],[125.07065,-9.09016],[125.08865,-9.39312],[124.43704,-10.13954],[123.58024,-10.35957],[123.46143,-10.2394],[123.55144,-9.8992],[123.97984,-9.28988],[124.96985,-8.89213]]],[[[134.21114,-6.89491],[134.11394,-6.14172],[134.29034,-5.7829],[134.49914,-5.44438],[134.72595,-5.7372],[134.72595,-6.2145],[134.21114,-6.89491]]],[[[117.88138,4.13719],[117.31257,3.23506],[118.04698,2.28722],[117.87418,1.82685],[118.99739,0.90271],[117.81298,0.78423],[117.47817,0.10213],[117.52138,-0.80339],[116.56017,-1.48718],[116.53497,-2.4841],[116.14976,-4.01248],[116.00216,-3.65704],[114.86455,-4.10726],[114.46854,-3.49625],[113.75574,-3.4387],[113.25533,-3.11881],[112.06732,-3.47763],[111.70372,-2.99525],[111.04851,-3.04941],[110.2241,-2.93432],[110.0693,-1.59212],[109.5725,-1.31454],[109.09009,-0.4598],[108.95329,0.41525],[109.06849,1.34278],[109.6625,2.00626],[109.8317,1.3377],[110.51571,0.77238],[111.16011,0.97718],[111.79732,0.9044],[112.38052,1.41048],[112.85933,1.49849],[113.80614,1.21753],[114.61975,1.43079],[115.13455,2.82207],[115.51976,3.16905],[115.86536,4.30645],[117.01377,4.30645],[117.88138,4.13719]]],[[[129.37269,-2.8023],[130.4707,-3.09342],[130.83431,-3.85846],[129.9919,-3.44547],[129.15669,-3.36254],[128.59149,-3.42855],[127.90028,-3.393],[128.13428,-2.84292],[129.37269,-2.8023]]],[[[126.87427,-3.79075],[126.18306,-3.60796],[125.98866,-3.17805],[127.00027,-3.12896],[127.24867,-3.45901],[126.87427,-3.79075]]],[[[127.93268,2.17382],[128.00468,1.62882],[128.59509,1.5408],[128.68869,1.1329],[128.63469,0.25785],[128.11988,0.35601],[127.96868,-0.25161],[128.37908,-0.77969],[128.09828,-0.89986],[127.69508,-0.26685],[127.39987,1.01103],[127.60148,1.80992],[127.93268,2.17382]]],[[[122.92863,0.87563],[124.07704,0.91794],[125.06705,1.64405],[125.23985,1.42063],[124.43704,0.4271],[123.68464,0.23584],[122.72343,0.43049],[121.05661,0.3814],[120.1818,0.23753],[120.0414,-0.51904],[120.93421,-1.40932],[121.47421,-0.95572],[123.33903,-0.61551],[123.25983,-1.07589],[122.82423,-0.93033],[122.38862,-1.51765],[121.50662,-1.90524],[122.45342,-3.18651],[122.27342,-3.5301],[123.16983,-4.68443],[123.16263,-5.34114],[122.62983,-5.63395],[122.23742,-5.28359],[122.71983,-4.46439],[121.73702,-4.85199],[121.48861,-4.57441],[121.61822,-4.18851],[120.89821,-3.60288],[120.97381,-2.62797],[120.3042,-2.93094],[120.3906,-4.09711],[120.4302,-5.52901],[119.7966,-5.67288],[119.36819,-5.38007],[119.6526,-4.45932],[119.49779,-3.49456],[119.07659,-3.48779],[118.76699,-2.8023],[119.18099,-2.14728],[119.32499,-1.35347],[119.8254,0.1546],[120.0342,0.56589],[120.88741,1.30892],[121.66862,1.01442],[122.92863,0.87563]]],[[[120.2934,-10.25802],[118.96859,-9.5573],[119.901,-9.36097],[120.4266,-9.66563],[120.77581,-9.97029],[120.71461,-10.2394],[120.2934,-10.25802]]],[[[121.34101,-8.53669],[122.00702,-8.46052],[122.90343,-8.09493],[122.75583,-8.65009],[121.25461,-8.93444],[119.9226,-8.81088],[119.9226,-8.44529],[120.71461,-8.23711],[121.34101,-8.53669]]],[[[118.25938,-8.36236],[118.87859,-8.28111],[119.12699,-8.70595],[117.97138,-8.90736],[117.27657,-9.04107],[116.74017,-9.03261],[117.08217,-8.45714],[117.63298,-8.44868],[117.89938,-8.09493],[118.25938,-8.36236]]],[[[108.48528,-6.42268],[108.62209,-6.77812],[110.54091,-6.87798],[110.76051,-6.465],[112.61453,-6.94568],[112.97813,-7.59393],[114.47934,-7.77673],[115.70696,-8.37082],[114.56575,-8.75164],[113.46413,-8.34882],[112.56053,-8.3759],[111.52372,-8.30142],[110.58771,-8.12201],[109.42849,-7.74119],[108.69409,-7.64133],[108.27648,-7.76658],[106.45486,-7.35528],[106.28206,-6.92537],[105.36405,-6.8509],[106.05166,-5.8963],[107.26487,-5.95554],[108.07128,-6.34652],[108.48528,-6.42268]]],[[[104.37044,-1.08435],[104.53965,-1.78169],[104.88885,-2.34023],[105.62326,-2.42825],[106.10926,-3.06126],[105.85726,-4.30529],[105.81766,-5.85229],[104.70885,-5.8726],[103.86644,-5.03648],[102.58483,-4.22066],[102.15642,-3.61473],[101.40041,-2.80061],[100.90361,-2.0508],[100.1404,-0.65106],[99.26199,0.18337],[98.97039,1.04319],[98.59959,1.82346],[97.69958,2.45309],[97.17757,3.30953],[96.42516,3.86807],[95.38115,4.97162],[95.29475,5.47939],[95.93556,5.43877],[97.48357,5.24582],[98.36918,4.26921],[99.14319,3.59049],[99.694,3.17412],[100.64081,2.09935],[101.65962,2.08412],[102.49842,1.39863],[103.07803,0.56081],[103.83764,0.10382],[103.43803,-0.71199],[104.01044,-1.05897],[104.37044,-1.08435]]]]}},{"type":"Feature","id":"032","properties":{"name":"Argentina"},"geometry":{"type":"MultiPolygon","coordinates":[[[[-68.63289,-52.6363],[-68.25128,-53.10006],[-67.75088,-53.84987],[-66.45126,-54.45073],[-65.05085,-54.69953],[-65.50086,-55.20053],[-66.45126,-55.24961],[-66.95887,-54.89756],[-67.56368,-54.87048],[-68.63289,-54.86879],[-68.63289,-52.6363]]],[[[-57.62398,-30.21667],[-57.87598,-31.01725],[-58.14238,-32.04464],[-58.13158,-33.03986],[-58.35118,-33.26328],[-58.42678,-33.90984],[-58.49518,-34.43114],[-57.22437,-35.28758],[-57.36117,-35.97814],[-56.73837,-36.41313],[-56.78877,-36.90228],[-57.74998,-38.18355],[-59.23319,-38.72009],[-61.23841,-38.92827],[-62.33642,-38.82841],[-62.12402,-39.42419],[-62.32922,-40.1723],[-62.14562,-40.67668],[-62.74683,-41.02874],[-63.76924,-41.16753],[-64.73045,-40.80193],[-65.11925,-41.06428],[-64.97885,-42.05781],[-64.30204,-42.35909],[-63.75484,-42.04427],[-63.45963,-42.56389],[-64.37764,-42.87363],[-65.18045,-43.49479],[-65.32805,-44.50187],[-65.56566,-45.03672],[-66.50887,-45.0401],[-67.29367,-45.55125],[-67.58168,-46.30106],[-66.59887,-47.03393],[-65.64126,-47.23535],[-65.98686,-48.1341],[-67.16767,-48.69772],[-67.81568,-49.86897],[-68.73009,-50.26503],[-69.13689,-50.73218],[-68.81649,-51.77141],[-68.15048,-52.35026],[-68.57169,-52.29948],[-69.49689,-52.14208],[-71.91612,-52.00836],[-72.33012,-51.42612],[-72.30852,-50.67632],[-72.97453,-50.74064],[-73.32733,-50.37843],[-73.41373,-49.31889],[-72.64693,-48.87882],[-72.33012,-48.24411],[-72.44892,-47.73804],[-71.91612,-46.88499],[-71.55252,-45.56141],[-71.66052,-44.97409],[-71.22131,-44.78452],[-71.32931,-44.40708],[-71.79372,-44.20736],[-71.46251,-43.78761],[-71.91612,-43.40847],[-72.15012,-42.25415],[-71.74692,-42.05104],[-71.91612,-40.8324],[-71.68212,-39.8084],[-71.41211,-38.91642],[-70.81451,-38.55252],[-71.11691,-37.57761],[-71.12051,-36.65855],[-70.3645,-36.00522],[-70.3897,-35.1691],[-69.8173,-34.19419],[-69.8137,-33.27343],[-70.0729,-33.09064],[-70.53371,-31.36423],[-69.9181,-30.33684],[-70.0153,-29.3687],[-69.6553,-28.4598],[-69.00009,-27.52043],[-68.29448,-26.89926],[-68.59329,-26.50658],[-68.38448,-26.185],[-68.41688,-24.51783],[-67.32967,-24.02529],[-66.98407,-22.98606],[-67.10647,-22.73556],[-66.27486,-21.83174],[-64.96445,-22.07547],[-64.37764,-22.79819],[-63.98524,-21.99422],[-62.84763,-22.03484],[-62.68563,-22.2498],[-60.84601,-23.88143],[-60.0288,-24.03206],[-58.80839,-24.77171],[-57.77878,-25.16269],[-57.63478,-25.60445],[-58.61759,-27.12437],[-57.60958,-27.39518],[-56.48636,-27.5492],[-55.69436,-27.38841],[-54.78715,-26.62168],[-54.62515,-25.73985],[-54.12834,-25.5469],[-53.62794,-26.12407],[-53.64954,-26.92295],[-54.49194,-27.47473],[-55.16155,-27.88263],[-56.29196,-28.85247],[-57.62398,-30.21667]]]]}},{"type":"Feature","id":"152","properties":{"name":"Chile"},"geometry":{"type":"MultiPolygon","coordinates":[[[[-68.63289,-52.6363],[-68.63289,-54.86879],[-67.56368,-54.87048],[-66.95887,-54.89756],[-67.29007,-55.30208],[-68.14688,-55.61182],[-68.64009,-55.57966],[-69.23049,-55.49842],[-69.9577,-55.19884],[-71.00531,-55.05328],[-72.26532,-54.49473],[-73.28413,-53.95819],[-74.66295,-52.83772],[-73.83854,-53.0476],[-72.43452,-53.71616],[-71.10611,-54.07498],[-70.59131,-53.6163],[-70.2673,-52.93081],[-69.34569,-52.51782],[-68.63289,-52.6363]]],[[[-69.5905,-17.58003],[-69.10089,-18.26044],[-68.96769,-18.98147],[-68.44208,-19.40461],[-68.75889,-20.37275],[-68.21888,-21.49492],[-67.82648,-22.87266],[-67.10647,-22.73556],[-66.98407,-22.98606],[-67.32967,-24.02529],[-68.41688,-24.51783],[-68.38448,-26.185],[-68.59329,-26.50658],[-68.29448,-26.89926],[-69.00009,-27.52043],[-69.6553,-28.4598],[-70.0153,-29.3687],[-69.9181,-30.33684],[-70.53371,-31.36423],[-70.0729,-33.09064],[-69.8137,-33.27343],[-69.8173,-34.19419],[-70.3897,-35.1691],[-70.3645,-36.00522],[-71.12051,-36.65855],[-71.11691,-37.57761],[-70.81451,-38.55252],[-71.41211,-38.91642],[-71.68212,-39.8084],[-71.91612,-40.8324],[-71.74692,-42.05104],[-72.15012,-42.25415],[-71.91612,-43.40847],[-71.46251,-43.78761],[-71.79372,-44.20736],[-71.32931,-44.40708],[-71.22131,-44.78452],[-71.66052,-44.97409],[-71.55252,-45.56141],[-71.91612,-46.88499],[-72.44892,-47.73804],[-72.33012,-48.24411],[-72.64693,-48.87882],[-73.41373,-49.31889],[-73.32733,-50.37843],[-72.97453,-50.74064],[-72.30852,-50.67632],[-72.33012,-51.42612],[-71.91612,-52.00836],[-69.49689,-52.14208],[-68.57169,-52.29948],[-69.46089,-52.29271],[-69.9433,-52.53814],[-70.84331,-52.89865],[-71.00531,-53.83294],[-71.43011,-53.85664],[-72.55693,-53.53167],[-73.70174,-52.83433],[-74.94735,-52.26225],[-75.26055,-51.62923],[-74.97615,-51.04361],[-75.48015,-50.37843],[-75.60976,-48.67402],[-75.18135,-47.71265],[-74.12654,-46.93915],[-75.64576,-46.64803],[-74.69175,-45.76452],[-74.35334,-44.10242],[-73.24093,-44.45448],[-72.71893,-42.38278],[-73.38853,-42.11705],[-73.70174,-43.36616],[-74.33174,-43.22568],[-74.01854,-41.79547],[-73.67654,-39.94211],[-73.21933,-39.25832],[-73.50734,-38.28341],[-73.58654,-37.15616],[-73.16533,-37.124],[-72.55333,-35.5093],[-71.86212,-33.90984],[-71.43731,-32.41869],[-71.66772,-30.92078],[-71.36891,-30.0965],[-71.49131,-28.86093],[-70.90451,-27.6406],[-70.72451,-25.706],[-70.4041,-23.62923],[-70.0909,-21.39336],[-70.1629,-19.75666],[-70.3717,-18.34845],[-69.8569,-18.09288],[-69.5905,-17.58003]]]]}},{"type":"Feature","id":"180","properties":{"name":"Dem. Rep. Congo"},"geometry":{"type":"Polygon","coordinates":[[[29.33849,-4.49994],[29.5185,-5.42069],[29.42129,-5.9403],[29.6193,-6.52085],[30.1989,-7.0794],[30.73891,-8.34035],[30.3465,-8.2388],[29.00369,-8.40636],[28.73369,-8.52653],[28.44928,-9.16463],[28.67249,-9.60639],[28.49608,-10.78948],[28.37368,-11.79317],[28.64369,-11.97089],[29.34209,-12.36018],[29.6157,-12.17908],[29.6985,-13.25724],[28.93529,-13.24877],[28.52489,-12.69869],[28.15408,-12.27217],[27.38727,-12.13338],[27.16407,-11.60868],[26.55207,-11.92519],[25.75286,-11.78471],[25.41805,-11.3311],[24.78445,-11.23801],[24.31284,-11.2634],[24.25884,-10.95197],[23.91324,-10.92658],[23.45603,-10.86734],[22.83683,-11.01798],[22.40122,-10.99259],[22.15642,-11.08399],[22.21042,-9.89412],[21.87562,-9.52345],[21.80002,-8.90905],[21.94762,-8.3065],[21.74602,-7.9206],[21.72802,-7.29097],[20.51481,-7.29943],[20.60121,-6.93891],[20.09,-6.9423],[20.036,-7.11663],[19.41679,-7.15556],[19.16839,-7.7378],[19.01719,-7.9883],[18.46278,-7.84782],[18.13518,-7.9883],[17.47277,-8.06785],[17.09117,-7.54485],[16.86077,-7.22157],[16.57277,-6.62241],[16.32796,-5.87768],[13.37593,-5.86414],[13.02313,-5.98431],[12.73513,-5.96569],[12.32112,-6.0994],[12.18072,-5.78967],[12.43632,-5.68473],[12.46872,-5.24805],[12.63073,-4.99078],[12.99433,-4.7809],[13.25713,-4.88246],[13.59914,-4.49994],[14.14634,-4.51009],[14.20754,-4.79275],[14.58195,-4.97047],[15.17235,-4.34422],[15.75196,-3.85507],[16.00756,-3.53518],[15.97156,-2.7126],[16.40716,-1.74107],[16.86437,-1.22653],[17.52318,-0.74415],[17.63838,-0.42426],[17.66358,-0.05866],[17.82558,0.28831],[17.77518,0.85532],[17.89758,1.74222],[18.09558,2.36508],[18.39438,2.89993],[18.45198,3.50417],[18.54199,4.20151],[18.93079,4.70927],[19.46719,5.03086],[20.2916,4.69235],[20.92881,4.32337],[21.65962,4.22351],[22.40482,4.02887],[22.70363,4.63311],[22.84043,4.71097],[23.29763,4.60941],[24.41004,5.10872],[24.80605,4.89715],[25.13005,4.92761],[25.27765,5.16965],[25.65206,5.25597],[26.40446,5.15103],[27.04527,5.12734],[27.37287,5.23397],[27.98128,4.408],[28.42768,4.28783],[28.69769,4.45539],[29.15849,4.38938],[29.7165,4.60095],[29.9541,4.17443],[30.83251,3.50925],[30.77491,2.33969],[31.17451,2.20429],[30.85411,1.84885],[30.4689,1.58312],[30.0873,1.06181],[29.8749,0.59805],[29.8209,-0.20592],[29.5869,-0.58674],[29.5797,-1.34162],[29.29169,-1.62089],[29.25569,-2.21498],[29.11889,-2.29284],[29.02529,-2.83954],[29.27729,-3.29314],[29.33849,-4.49994]]]}},{"type":"Feature","id":"706","properties":{"name":"Somalia"},"geometry":{"type":"Polygon","coordinates":[[[41.58582,-1.68352],[40.99181,-0.85755],[40.98101,2.78484],[41.85582,3.91885],[42.12942,4.23367],[42.77023,4.25228],[43.65944,4.95808],[44.96265,5.00209],[47.78868,8.00299],[48.48708,8.83742],[48.93709,9.45182],[48.93709,9.97313],[48.93709,10.9819],[48.94069,11.39488],[48.94789,11.41011],[49.26829,11.43042],[49.7291,11.57937],[50.2583,11.67923],[50.73351,12.02113],[51.11151,12.02451],[51.13311,11.74863],[51.04311,11.16639],[51.04671,10.64169],[50.83431,10.27948],[50.55351,9.19794],[50.0711,8.08254],[49.45189,6.80466],[48.59509,5.33891],[47.74188,4.22012],[46.56467,2.85592],[45.56386,2.04519],[44.06984,1.05335],[43.13743,0.2917],[42.04302,-0.91848],[41.81262,-1.44656],[41.58582,-1.68352]]]}},{"type":"Feature","id":"404","properties":{"name":"Kenya"},"geometry":{"type":"Polygon","coordinates":[[[39.20259,-4.67596],[37.76618,-3.67735],[37.69778,-3.09681],[34.07254,-1.06066],[33.90334,-0.95064],[33.89254,0.11059],[34.18054,0.51511],[34.67375,1.1769],[35.03735,1.9064],[34.59455,3.05395],[34.47934,3.55495],[34.00414,4.25059],[34.61975,4.84637],[35.29655,5.50647],[35.81856,5.33891],[35.81856,4.77698],[36.16056,4.44862],[36.85537,4.44862],[38.12258,3.59896],[38.43578,3.5888],[38.66979,3.61588],[38.89299,3.50079],[39.559,3.42124],[39.8542,3.8393],[40.76861,4.25736],[41.17181,3.91885],[41.85582,3.91885],[40.98101,2.78484],[40.99181,-0.85755],[41.58582,-1.68352],[40.88381,-2.08296],[40.63901,-2.49933],[40.2646,-2.57381],[40.1206,-3.27791],[39.8002,-3.68074],[39.6058,-4.34591],[39.20259,-4.67596]]]}},{"type":"Feature","id":"729","properties":{"name":"Sudan"},"geometry":{"type":"Polygon","coordinates":[[[24.56845,8.2298],[23.80524,8.66648],[23.45963,8.95421],[23.39483,9.26564],[23.55684,9.68201],[23.55324,10.08992],[22.97723,10.71447],[22.86563,11.14269],[22.87643,11.38473],[22.50923,11.67923],[22.49842,12.25978],[22.28962,12.64568],[21.93682,12.58813],[22.03762,12.95542],[22.29682,13.37179],[22.18162,13.78647],[22.51283,14.09282],[22.30402,14.32639],[22.56683,14.94418],[23.02403,15.68044],[23.88804,15.61104],[23.83764,19.58009],[23.84844,19.99985],[25.00045,20.00323],[25.00045,22.00045],[29.02169,22.00045],[32.89893,22.00045],[36.86617,22.00045],[37.19017,21.01877],[36.97057,20.83767],[37.11457,19.80859],[37.48177,18.61364],[37.86338,18.36822],[38.41058,17.99755],[37.90298,17.42716],[37.16857,17.26298],[36.85177,16.95663],[36.75457,16.29145],[36.32256,14.82231],[36.43056,14.42287],[36.26856,13.56305],[35.86536,12.57798],[35.26055,12.08206],[34.83215,11.31872],[34.73135,10.91081],[34.25614,10.62984],[33.96094,9.58384],[33.97534,8.68509],[33.96454,9.46367],[33.82414,9.48398],[33.84214,9.98159],[33.72334,10.32518],[33.20853,10.71955],[33.08613,11.44058],[33.20853,12.17854],[32.74413,12.24793],[32.67573,12.02451],[32.07452,11.97374],[32.31572,11.68092],[32.39852,11.08006],[31.85132,10.53168],[31.35451,9.81065],[30.83611,9.7074],[29.9973,10.29133],[29.6193,10.08484],[29.5149,9.79372],[29.00009,9.60415],[28.96769,9.39766],[27.97048,9.39766],[27.83368,9.60415],[27.11367,9.63801],[26.75367,9.46706],[26.47646,9.55338],[25.96166,10.13562],[25.78886,10.4115],[25.06885,10.27441],[24.79525,9.81065],[24.53605,8.91698],[24.19404,8.7291],[23.88804,8.61908],[24.56845,8.2298]]]}},{"type":"Feature","id":"148","properties":{"name":"Chad"},"geometry":{"type":"Polygon","coordinates":[[[23.83764,19.58009],[23.88804,15.61104],[23.02403,15.68044],[22.56683,14.94418],[22.30402,14.32639],[22.51283,14.09282],[22.18162,13.78647],[22.29682,13.37179],[22.03762,12.95542],[21.93682,12.58813],[22.28962,12.64568],[22.49842,12.25978],[22.50923,11.67923],[22.87643,11.38473],[22.86563,11.14269],[22.23202,10.97174],[21.72442,10.56722],[21.00081,9.47552],[20.0612,9.01345],[19.09279,9.07438],[18.81199,8.98298],[18.91279,8.63093],[18.39078,8.28057],[17.96598,7.89128],[16.70597,7.50877],[16.45756,7.73557],[16.29196,7.75419],[16.10476,7.49692],[15.28035,7.42245],[15.43515,7.69326],[15.12195,8.38213],[14.98155,8.7968],[14.54595,8.96606],[13.95554,9.54999],[14.17154,10.02222],[14.62875,9.92066],[14.90955,9.99175],[15.46755,9.98159],[14.92395,10.8905],[14.95995,11.55567],[14.89515,12.21916],[14.49554,12.85894],[14.59635,13.33117],[13.95554,13.35317],[13.95554,13.99634],[13.54154,14.36701],[13.97354,15.68382],[15.24795,16.62658],[15.30195,17.92816],[15.68716,19.95753],[15.90316,20.38744],[15.48555,20.73103],[15.47115,21.04924],[15.09675,21.3082],[14.85195,22.86366],[15.85996,23.41035],[19.8488,21.49438],[23.83764,19.58009]]]}},{"type":"Feature","id":"332","properties":{"name":"Haiti"},"geometry":{"type":"Polygon","coordinates":[[[-71.71092,19.71381],[-71.62452,19.1705],[-71.70012,18.78459],[-71.94492,18.61703],[-71.68932,18.31745],[-71.70732,18.04494],[-72.37332,18.2142],[-72.84493,18.1448],[-73.45333,18.21758],[-73.92134,18.0314],[-74.45774,18.34283],[-74.37134,18.66442],[-73.44973,18.52563],[-72.69373,18.44608],[-72.33372,18.66781],[-72.79093,19.1011],[-72.78373,19.48362],[-73.41373,19.63933],[-73.19053,19.91522],[-72.57853,19.87121],[-71.71092,19.71381]]]}},{"type":"Feature","id":"214","properties":{"name":"Dominican Rep."},"geometry":{"type":"Polygon","coordinates":[[[-71.70732,18.04494],[-71.68932,18.31745],[-71.94492,18.61703],[-71.70012,18.78459],[-71.62452,19.1705],[-71.71092,19.71381],[-71.58852,19.88475],[-70.80731,19.87968],[-70.2133,19.62241],[-69.9505,19.6478],[-69.7705,19.29405],[-69.22329,19.31267],[-69.25569,19.01478],[-68.80929,18.97924],[-68.31968,18.61195],[-68.69049,18.20574],[-69.16569,18.42238],[-69.6229,18.38007],[-69.9541,18.42746],[-70.1341,18.24636],[-70.51571,18.18373],[-70.67051,18.42746],[-71.00171,18.28359],[-71.40131,17.59811],[-71.65692,17.75721],[-71.70732,18.04494]]]}},{"type":"Feature","id":"643","properties":{"name":"Russia"},"geometry":{"type":"MultiPolygon","coordinates":[[[[93.77914,81.02505],[95.93916,81.25016],[97.88318,80.74747],[100.1872,79.77933],[99.9388,78.88058],[97.75718,78.75702],[94.97435,79.04476],[93.31113,79.42727],[92.54433,80.14323],[91.17991,80.34126],[93.77914,81.02505]]],[[[102.83683,79.28171],[105.37125,78.71301],[105.07605,78.3068],[99.43839,77.9209],[101.26361,79.23432],[102.08802,79.34603],[102.83683,79.28171]]],[[[138.82999,76.13694],[141.47241,76.09293],[145.08685,75.56316],[144.29844,74.82013],[140.61561,74.84721],[138.95599,74.61194],[136.97597,75.26189],[137.51238,75.94907],[138.82999,76.13694]]],[[[148.22248,75.34652],[150.73171,75.08417],[149.5761,74.68811],[147.97768,74.77782],[146.12006,75.17218],[146.35766,75.49715],[148.22248,75.34652]]],[[[139.8632,73.36961],[140.81001,73.76567],[142.06282,73.85706],[143.48123,73.47455],[143.60364,73.2122],[142.08802,73.20543],[140.0396,73.31714],[139.8632,73.36961]]],[[[44.84745,80.59006],[46.79867,80.77117],[48.31788,80.78471],[48.52309,80.5139],[49.09549,80.75424],[50.0387,80.91842],[51.52192,80.70008],[51.13671,80.54775],[49.7939,80.41573],[48.89389,80.33956],[48.75349,80.17538],[47.58708,80.00951],[46.50347,80.24647],[47.07227,80.5596],[44.84745,80.59006]]],[[[22.73243,54.32832],[20.89281,54.31309],[19.6616,54.42649],[19.8884,54.86656],[21.26721,55.18983],[22.31482,55.0155],[22.75763,54.8564],[22.64963,54.58221],[22.73243,54.32832]]],[[[53.50914,73.75043],[55.90316,74.62718],[55.63316,75.08078],[57.86878,75.60886],[61.17001,76.25203],[64.50005,76.43822],[66.21006,76.81058],[68.15768,76.93921],[68.85249,76.54485],[68.17928,76.23342],[64.63685,75.7375],[61.58402,75.26019],[58.47718,74.30898],[56.98677,73.33237],[55.42075,72.371],[55.62236,71.53995],[57.53398,70.72075],[56.94357,70.63274],[53.67834,70.76307],[53.41193,71.20652],[51.60112,71.47394],[51.45711,72.01556],[52.47952,72.22882],[52.44352,72.77552],[54.42714,73.62688],[53.50914,73.75043]]],[[[142.91603,53.70377],[143.26163,52.7407],[143.23643,51.75733],[143.64684,50.74687],[144.65485,48.97645],[143.17523,49.3065],[142.55963,47.86106],[143.53524,46.83706],[143.50644,46.13803],[142.74683,46.74058],[142.09162,45.96708],[141.90802,46.80659],[142.01962,47.77981],[141.90442,48.85967],[142.13482,49.61455],[142.18162,50.95167],[141.59482,51.93504],[141.68122,53.30263],[142.60643,53.76132],[142.21042,54.22508],[142.65323,54.36556],[142.91603,53.70377]]],[[[130.78031,42.21976],[130.63991,42.39578],[130.63271,42.90355],[131.14391,42.93063],[131.28791,44.11204],[131.02511,44.96847],[131.88192,45.32053],[133.09873,45.1445],[133.76834,46.11772],[134.11394,47.21281],[134.49914,47.5784],[135.02475,48.47884],[133.37233,48.18264],[132.50833,47.78828],[130.98551,47.78997],[130.58231,48.72934],[129.39789,49.44021],[127.65908,49.76011],[127.28827,50.7401],[126.93907,51.3545],[126.56467,51.78441],[125.94546,52.79317],[125.06705,53.16046],[123.57304,53.45835],[122.24462,53.43127],[121.00261,53.25186],[120.1782,52.75424],[120.72541,52.51559],[120.73981,51.96382],[120.1818,51.64392],[119.27819,50.58269],[119.28899,50.14263],[117.87778,49.5113],[116.67897,49.88874],[115.48735,49.80581],[114.96175,50.14093],[114.36414,50.24756],[112.89893,49.54346],[111.58132,49.37759],[110.66331,49.13047],[109.40329,49.29296],[108.47448,49.28281],[107.86968,49.79396],[106.89047,50.27464],[105.88606,50.40666],[104.62245,50.27464],[103.67564,50.09016],[102.25722,50.50991],[102.06642,51.25971],[100.88921,51.51698],[99.982,51.63377],[98.86239,52.04675],[97.82558,51.01091],[98.23238,50.4219],[97.26037,49.72626],[95.81316,49.97675],[94.81595,50.01399],[94.14634,50.48114],[93.10593,50.49468],[92.23472,50.80272],[90.71191,50.33219],[88.80389,49.47068],[87.75268,49.29804],[87.36027,49.2151],[86.83107,49.82612],[85.54226,49.6924],[85.11385,50.11724],[84.41544,50.31188],[83.93664,50.88904],[83.38223,51.06845],[81.94582,50.81288],[80.56701,51.38835],[80.0342,50.86535],[77.80218,53.40419],[76.52417,54.17768],[76.89137,54.49081],[74.38574,53.54636],[73.42453,53.49051],[73.50734,54.03551],[72.22572,54.37741],[71.18171,54.13368],[70.86491,55.16952],[69.06849,55.38448],[68.16848,54.9698],[65.66646,54.60082],[65.17685,54.35371],[61.43641,54.00674],[60.97921,53.66484],[61.69922,52.97935],[60.74161,52.72039],[60.92881,52.44789],[59.9676,51.96043],[61.58762,51.27325],[61.33921,50.79934],[59.9316,50.84165],[59.6436,50.54545],[58.36198,51.06338],[56.77797,51.04307],[55.71596,50.62162],[54.53155,51.02614],[52.32832,51.7184],[50.76591,51.69301],[48.70309,50.60469],[48.57709,49.8752],[47.55108,50.45406],[46.75187,49.35559],[47.04347,49.15248],[46.46746,48.39421],[47.31347,47.7155],[48.05868,47.74427],[48.69589,47.07571],[48.59149,46.56117],[49.10269,46.39869],[48.64549,45.80629],[47.67708,45.64211],[46.68347,44.60965],[47.59068,43.66013],[47.49347,42.98649],[48.58429,41.80847],[47.98668,41.40564],[47.81388,41.15175],[47.37467,41.21946],[46.68707,41.82708],[46.40626,41.86094],[45.77626,42.09282],[45.47025,42.50242],[44.53785,42.71229],[43.92944,42.55488],[43.75664,42.74107],[42.39582,43.22006],[40.92341,43.38255],[40.0774,43.55349],[39.955,43.43502],[38.68059,44.2796],[37.53938,44.65704],[36.67537,45.24436],[37.40257,45.40515],[38.23418,46.24128],[37.67258,46.63734],[39.14859,47.04524],[39.11979,47.26358],[38.22338,47.10279],[38.25578,47.54624],[38.77059,47.82551],[39.739,47.89829],[39.8974,48.23173],[39.6742,48.7835],[40.081,49.30819],[40.0702,49.60101],[38.59419,49.92598],[38.01098,49.91582],[37.39177,50.38466],[36.62497,50.22556],[35.35775,50.57761],[35.37935,50.77395],[35.02295,51.20724],[34.22374,51.25633],[34.14094,51.56607],[34.39294,51.76917],[33.75214,52.33449],[32.71533,52.23801],[32.41292,52.28879],[32.16092,52.06199],[31.78652,52.10092],[31.54172,52.7424],[31.30411,53.07414],[31.49851,53.16723],[32.30492,53.13338],[32.69373,53.35172],[32.40572,53.61745],[31.73252,53.79347],[31.79012,53.97458],[31.38331,54.15737],[30.75691,54.81239],[30.97291,55.08151],[30.87571,55.55035],[29.8965,55.789],[29.37089,55.67052],[29.23049,55.91763],[28.17568,56.16983],[27.85528,56.75884],[27.76888,57.2446],[27.28647,57.47479],[27.71848,57.7913],[27.41967,58.7239],[28.13248,59.30106],[27.98128,59.47539],[29.11889,60.02886],[28.07128,60.50278],[30.2097,61.78066],[31.13851,62.35782],[31.51652,62.86728],[30.0369,63.55277],[30.4437,64.2044],[29.5437,64.94913],[30.2169,65.80556],[29.05409,66.94465],[29.9757,67.69784],[28.44568,68.36471],[28.59329,69.06543],[29.39969,69.15683],[31.10251,69.55796],[32.13212,69.90663],[33.77374,69.3007],[36.51337,69.06374],[40.2934,67.93311],[41.06021,67.4575],[41.12501,66.79232],[40.0162,66.26594],[38.38178,66.00021],[33.91774,66.76017],[33.18333,66.63322],[34.81415,65.90035],[34.87895,65.43658],[34.94375,64.41428],[36.23256,64.10962],[37.01377,63.85066],[37.14337,64.33473],[36.53857,64.76464],[37.17577,65.14377],[39.595,64.52091],[40.4338,64.76464],[39.7642,65.49752],[42.09342,66.47582],[43.01503,66.41827],[43.95104,66.0696],[44.53065,66.75678],[43.69904,67.35256],[44.18864,67.95003],[43.45423,68.5712],[46.25146,68.24962],[46.82027,67.68938],[45.55666,67.56582],[45.56026,67.01066],[46.34866,66.66707],[47.89308,66.88372],[48.13788,67.52182],[50.2259,67.99912],[53.71794,68.85725],[54.47034,68.80816],[53.48753,68.20053],[54.72595,68.09729],[55.44235,68.43918],[57.31797,68.46626],[58.80119,68.88094],[59.9424,68.27839],[61.07641,68.94018],[60.0288,69.52073],[60.55081,69.85078],[63.50284,69.54781],[64.88885,69.23469],[68.51049,68.09221],[69.18009,68.61521],[68.16488,69.14498],[68.13608,69.35655],[66.93007,69.45472],[67.26127,69.92864],[66.72487,70.7089],[66.69607,71.0288],[68.53929,71.93432],[69.19809,72.84322],[69.9397,73.03956],[72.58933,72.77552],[72.79453,72.22036],[71.84772,71.40962],[72.47052,71.08973],[72.79093,70.3907],[72.56413,69.02142],[73.66934,68.40872],[73.23733,67.74016],[71.27891,66.3201],[72.42372,66.17285],[72.81973,66.53336],[73.92134,66.78894],[74.18774,67.28486],[75.05175,67.76047],[74.46854,68.32917],[74.93655,68.98927],[73.84214,69.0722],[73.60094,69.62736],[74.40014,70.63105],[73.10053,71.44686],[74.88975,72.1205],[74.65935,72.83307],[75.15975,72.85507],[75.68176,72.29991],[75.28935,71.33515],[76.35856,71.15235],[75.90136,71.87338],[77.57538,72.26775],[79.6526,72.32022],[81.49941,71.74983],[80.61021,72.58257],[80.50941,73.64888],[82.24822,73.85029],[84.65665,73.80629],[86.82387,73.93661],[86.01026,74.45961],[87.16587,75.11633],[88.31428,75.14341],[90.2583,75.63933],[92.90073,75.77304],[93.23553,76.04723],[95.85996,76.14033],[96.67717,75.91521],[98.92359,76.44668],[100.75961,76.42975],[101.03681,76.86136],[101.99082,77.28788],[104.35244,77.69748],[106.06606,77.3742],[104.70525,77.12709],[106.96967,76.97476],[107.23967,76.48053],[108.15408,76.72257],[111.07731,76.71072],[113.33093,76.22157],[114.13374,75.84751],[113.88534,75.3279],[112.78013,75.0317],[110.1521,74.47654],[109.39969,74.18034],[110.64171,74.03986],[112.11772,73.78767],[113.02133,73.97724],[113.52894,73.33576],[113.96814,73.59472],[115.56656,73.75212],[118.77779,73.58795],[119.01899,73.1208],[123.20223,72.97186],[123.25623,73.7352],[125.38025,73.55917],[126.97507,73.56594],[128.59149,73.03787],[129.05229,72.39808],[128.45828,71.98002],[129.7147,71.19298],[131.28791,70.78676],[132.25272,71.83615],[133.85834,71.38593],[135.56116,71.65504],[137.49797,71.347],[138.23238,71.62796],[139.8704,71.48748],[139.14679,72.4167],[140.468,72.84999],[149.5005,72.20005],[150.3501,71.60596],[152.96733,70.84262],[157.00657,71.03218],[158.99739,70.86631],[159.829,70.45333],[159.7102,69.72214],[160.94141,69.43779],[162.28062,69.64259],[164.05184,69.66798],[165.94186,69.47164],[167.83548,69.58335],[169.5779,68.69307],[170.81631,69.01296],[170.0099,69.65275],[170.4527,70.0962],[173.64234,69.81693],[175.72316,69.87786],[178.59959,69.40056],[180.0,68.96388],[182.45162,68.20053],[185.07245,67.20531],[184.98605,66.58414],[185.65926,66.33533],[185.42885,67.06144],[188.14328,66.9125],[190.1017,65.97651],[189.10809,65.54152],[187.47007,65.43828],[187.44487,64.45998],[187.04527,64.25349],[186.10926,64.28226],[185.34605,64.63093],[184.01764,64.92205],[183.79444,65.35703],[182.77563,65.51952],[181.64162,65.39089],[181.09801,65.74125],[181.31401,66.11192],[180.1152,65.87496],[180.56881,65.40443],[180.0,64.97959],[179.9928,64.97452],[178.70759,64.53445],[177.41157,64.60892],[178.31158,64.07577],[178.90919,63.25149],[179.36999,62.98237],[179.48519,62.56939],[179.22959,62.30366],[177.36477,62.522],[174.56755,61.76881],[173.67834,61.65202],[172.14832,60.94961],[170.69751,60.33691],[170.3303,59.88161],[168.90109,60.57386],[166.29466,59.78852],[165.84106,60.15919],[164.87625,59.73097],[163.54064,59.86807],[163.21663,59.21135],[162.01782,58.24321],[162.05382,57.83869],[163.19143,57.61527],[163.05823,56.15967],[162.12942,56.12243],[161.70102,55.28631],[162.11862,54.85471],[160.369,54.34356],[160.0234,53.20277],[158.52939,52.95904],[158.23058,51.94351],[156.79057,51.01091],[156.41976,51.69978],[155.99136,53.15876],[155.43335,55.38109],[155.91576,56.7673],[156.75817,57.36477],[156.80857,57.83192],[158.36378,58.05534],[160.1494,59.3146],[161.87382,60.34368],[163.67024,61.14087],[164.47304,62.55077],[163.25983,62.46614],[162.65863,61.64187],[160.1206,60.5434],[159.30339,61.77389],[156.72217,61.43368],[154.21654,59.75805],[155.04455,59.14534],[152.81253,58.88469],[151.26451,58.78144],[151.33651,59.50417],[149.7849,59.6565],[148.54649,59.16396],[145.48645,59.3366],[142.19602,59.04041],[138.95959,57.08889],[135.12555,54.72946],[136.70237,54.60421],[137.19197,53.97796],[138.16398,53.75455],[138.80479,54.25385],[139.9028,54.18953],[141.34641,53.08937],[141.37881,52.23801],[140.59761,51.2394],[140.51481,50.04615],[140.0612,48.44668],[138.55639,46.99954],[138.21798,46.30729],[136.86077,45.14281],[135.51436,43.98848],[134.86995,43.39778],[133.53794,42.81215],[132.90793,42.79861],[132.27792,43.28438],[130.93511,42.55319],[130.78031,42.21976]]],[[[-180.0,71.51626],[-179.8704,71.55688],[-179.02439,71.55518],[-177.57718,71.26914],[-177.66358,71.13204],[-178.69319,70.89339],[-180.0,70.83246],[-181.09801,70.78168],[-181.27441,71.09819],[-180.0,71.51626]]],[[[33.43533,45.97216],[33.69814,46.21927],[34.41094,46.00432],[34.73135,45.96539],[34.86095,45.76736],[35.01215,45.73689],[35.01935,45.65057],[35.50896,45.41023],[36.53137,45.46947],[36.33336,45.11403],[35.23895,44.9397],[33.88174,44.36084],[33.32733,44.56564],[33.54694,45.03448],[32.45252,45.3273],[32.63253,45.51855],[33.58654,45.85199],[33.43533,45.97216]]]]}},{"type":"Feature","id":"044","properties":{"name":"Bahamas"},"geometry":{"type":"MultiPolygon","coordinates":[[[[-78.97939,26.79039],[-78.51139,26.86994],[-77.84898,26.83948],[-77.82018,26.58052],[-78.91099,26.41972],[-78.97939,26.79039]]],[[[-77.79138,27.0392],[-76.99937,26.59067],[-77.17217,25.8798],[-77.35577,26.00674],[-77.34137,26.52974],[-77.78778,26.9258],[-77.79138,27.0392]]],[[[-78.19098,25.20954],[-77.88858,25.17062],[-77.53938,24.33957],[-77.53578,23.75902],[-77.78058,23.70994],[-78.03258,24.28541],[-78.40698,24.57483],[-78.19098,25.20954]]]]}},{"type":"Feature","id":"238","properties":{"name":"Falkland Is."},"geometry":{"type":"Polygon","coordinates":[[[-61.19881,-51.84926],[-60.0,-51.2501],[-59.15039,-51.5006],[-58.54919,-51.09946],[-57.74998,-51.54968],[-58.04878,-51.90004],[-59.39879,-52.19962],[-59.8488,-51.84926],[-60.69841,-52.29948],[-61.19881,-51.84926]]]}},{"type":"Feature","id":"578","properties":{"name":"Norway"},"geometry":{"type":"MultiPolygon","coordinates":[[[[15.14355,79.67439],[15.52156,80.01628],[16.99037,80.05014],[18.25038,79.70147],[21.54442,78.95674],[19.02799,78.56238],[18.46998,77.82611],[17.59518,77.63824],[17.11997,76.80889],[15.91396,76.76996],[13.76114,77.38097],[14.66835,77.73641],[13.17073,78.02414],[11.22311,78.86873],[10.4455,79.65238],[13.17073,80.01121],[13.71794,79.66085],[15.14355,79.67439]]],[[[31.10251,69.55796],[29.39969,69.15683],[28.59329,69.06543],[29.01449,69.76615],[27.73288,70.1639],[26.18126,69.82539],[25.68806,69.09251],[24.73405,68.64906],[23.66124,68.8911],[22.35802,68.84201],[21.24561,69.37009],[20.64441,69.10605],[20.0252,69.06543],[19.8776,68.40702],[17.99478,68.56782],[17.72838,68.01097],[16.76717,68.01435],[16.10836,67.30178],[15.10755,66.19316],[13.55594,64.78664],[13.91954,64.44475],[13.57034,64.04869],[12.58033,64.06561],[11.93232,63.12793],[11.99352,61.80097],[12.63073,61.2932],[12.29952,60.11857],[11.46791,59.43308],[11.02871,58.85592],[10.3555,59.47032],[8.38268,58.31261],[7.04707,58.07903],[5.66466,58.58849],[5.30825,59.66327],[4.99145,61.97022],[5.91306,62.61509],[8.55189,63.4546],[10.52831,64.48537],[12.35712,65.88003],[14.76195,67.81124],[16.43596,68.56274],[19.18279,69.81693],[21.37881,70.2553],[23.02403,70.20283],[24.54685,71.03049],[26.36846,70.98648],[28.16488,71.18621],[31.29331,70.45333],[30.0045,70.1859],[31.10251,69.55796]]],[[[27.40887,80.05691],[25.92566,79.51867],[23.02403,79.40019],[20.0756,79.56606],[19.8956,79.84195],[18.46278,79.86057],[17.36837,80.31925],[20.4572,80.59852],[21.90802,80.35818],[22.91963,80.65776],[25.44685,80.40727],[27.40887,80.05691]]],[[[24.72325,77.85319],[22.49122,77.44529],[20.72721,77.67717],[21.41481,77.93444],[20.81361,78.25433],[22.88363,78.45575],[23.27963,78.08],[24.72325,77.85319]]]]}},{"type":"Feature","id":"304","properties":{"name":"Greenland"},"geometry":{"type":"Polygon","coordinates":[[[-46.76267,82.6279],[-43.40743,83.22538],[-39.8974,83.17968],[-38.62299,83.54865],[-35.08775,83.64513],[-27.09927,83.51988],[-20.84601,82.72607],[-22.69283,82.34186],[-26.51607,82.29785],[-31.90172,82.19968],[-31.39771,82.02197],[-27.85528,82.13198],[-24.84565,81.7867],[-22.90163,82.09305],[-22.07002,81.73423],[-23.16803,81.15199],[-20.62281,81.52435],[-15.76996,81.91195],[-12.77113,81.719],[-12.20952,81.29078],[-16.28476,80.57991],[-16.84997,80.34972],[-20.0468,80.17708],[-17.73198,80.12969],[-18.89839,79.40019],[-19.7048,78.75194],[-19.6724,77.63824],[-18.47358,76.98491],[-20.036,76.94429],[-21.68122,76.62778],[-19.8344,76.09801],[-19.6004,75.24835],[-20.66961,75.15526],[-19.37359,74.29544],[-21.59482,74.22435],[-20.4356,73.81644],[-20.76321,73.46439],[-22.17082,73.31037],[-23.56764,73.30698],[-22.31482,72.62996],[-22.30042,72.18482],[-24.27684,72.5978],[-24.79165,72.33038],[-23.44163,72.07988],[-22.13122,71.46886],[-21.75322,70.66321],[-23.53524,70.47025],[-24.30564,70.85616],[-25.54406,71.43163],[-25.20205,70.75291],[-26.36126,70.22653],[-23.72604,70.18421],[-22.34722,70.13005],[-25.02925,69.25838],[-27.74728,68.46965],[-30.67411,68.12437],[-31.77572,68.12098],[-32.81253,67.73508],[-34.20214,66.67892],[-36.35136,65.9782],[-37.04257,65.93758],[-38.37458,65.69216],[-39.811,65.45859],[-40.66781,64.8408],[-40.68221,64.13839],[-41.18981,63.48168],[-42.82063,62.68279],[-42.41742,61.90083],[-42.86743,61.07486],[-43.37863,60.09825],[-44.78625,60.03732],[-46.26226,60.85314],[-48.26388,60.85821],[-49.23229,61.4066],[-49.9019,62.38321],[-51.63352,63.62724],[-52.14112,64.27887],[-52.27792,65.17593],[-53.66034,66.10007],[-53.30033,66.83633],[-53.96994,67.18838],[-52.97993,68.35794],[-51.47511,68.7303],[-51.07911,69.14837],[-50.87031,69.92864],[-52.01512,69.57489],[-52.55873,69.42595],[-53.45513,69.28377],[-54.68275,69.61043],[-54.75115,70.28915],[-54.35874,70.82061],[-53.42993,70.83585],[-51.38871,70.57011],[-53.10953,71.20482],[-54.00594,71.54672],[-54.99955,71.40624],[-55.83476,71.65504],[-54.71875,72.58595],[-55.32715,72.95831],[-56.11916,73.65057],[-57.32517,74.71011],[-58.59599,75.0994],[-58.58519,75.51746],[-61.26721,76.10309],[-63.39123,76.17587],[-66.06606,76.13525],[-68.50329,76.06077],[-69.6661,76.37898],[-71.40131,77.00861],[-68.77689,77.32342],[-66.76447,77.37589],[-71.04131,77.63655],[-73.29853,78.04445],[-73.15813,78.43205],[-69.37449,78.91443],[-65.70966,79.39512],[-65.32445,79.75732],[-68.02448,80.11784],[-67.14967,80.51559],[-63.69004,81.21462],[-62.23562,81.32125],[-62.64963,81.76978],[-60.2808,82.03381],[-57.20637,82.19122],[-54.13554,82.19968],[-53.04473,81.88825],[-50.3915,82.43834],[-48.00468,82.06428],[-46.60067,81.98642],[-44.52345,81.66145],[-46.89947,82.19968],[-46.76267,82.6279]]]}},{"type":"Feature","id":"260","properties":{"name":"Fr. S. Antarctic Lands"},"geometry":{"type":"Polygon","coordinates":[[[68.93529,-48.62494],[69.5797,-48.93976],[70.52651,-49.065],[70.55891,-49.25457],[70.2817,-49.70987],[68.74449,-49.77419],[68.71929,-49.24272],[68.86689,-48.82974],[68.93529,-48.62494]]]}},{"type":"Feature","id":"626","properties":{"name":"Timor-Leste"},"geometry":{"type":"Polygon","coordinates":[[[124.96985,-8.89213],[125.08505,-8.65686],[125.94546,-8.43175],[126.64387,-8.3979],[126.95707,-8.27265],[127.33507,-8.3979],[126.96787,-8.66871],[125.92746,-9.10539],[125.08865,-9.39312],[125.07065,-9.09016],[124.96985,-8.89213]]]}},{"type":"Feature","id":"710","properties":{"name":"South Africa"},"geometry":{"type":"Polygon","coordinates":[[[16.34596,-28.57658],[16.82477,-28.08236],[17.21717,-28.35655],[17.38637,-28.78308],[17.83638,-28.85586],[18.46638,-29.04542],[19.00279,-28.97264],[19.8956,-28.46149],[19.8956,-24.76833],[20.1656,-24.91727],[20.75961,-25.86849],[20.66601,-26.47781],[20.88921,-26.82817],[21.60562,-26.72662],[22.10602,-26.27978],[22.58123,-25.9802],[22.82603,-25.5012],[23.31203,-25.26932],[23.73324,-25.3895],[24.21204,-25.67046],[25.02565,-25.71954],[25.66646,-25.48597],[25.76726,-25.17454],[25.94006,-24.69555],[26.48726,-24.616],[26.78607,-24.24025],[27.12087,-23.57507],[28.01728,-22.82696],[29.43209,-22.0907],[29.8389,-22.10255],[30.3213,-22.2718],[30.65971,-22.15163],[31.19251,-22.25149],[31.67132,-23.6597],[31.93052,-24.36888],[31.75412,-25.48428],[31.83692,-25.8431],[31.33291,-25.6603],[31.04491,-25.73139],[30.95131,-26.02251],[30.67771,-26.39826],[30.68491,-26.74354],[31.28251,-27.28516],[31.86932,-27.17853],[32.07092,-26.73339],[32.83053,-26.74185],[32.57853,-27.46965],[32.46332,-28.3007],[32.20412,-28.75261],[31.52012,-29.25699],[31.32571,-29.40255],[30.90091,-29.91032],[30.62371,-30.42316],[30.0549,-31.14081],[28.92449,-32.17158],[28.21888,-32.77244],[27.46287,-33.22773],[26.41886,-33.61533],[25.91126,-33.6678],[25.78166,-33.94538],[25.17325,-33.79643],[24.67645,-33.98769],[23.59284,-33.79474],[22.98803,-33.91661],[22.57403,-33.86414],[21.54442,-34.2585],[20.68761,-34.4176],[20.072,-34.79504],[19.6148,-34.81874],[19.19359,-34.4633],[18.85519,-34.44468],[18.42318,-33.99785],[18.37638,-34.13664],[18.24318,-33.86752],[18.25038,-33.2819],[17.92638,-32.61164],[18.24678,-32.42885],[18.22158,-31.66212],[17.56638,-30.72613],[17.06597,-29.87816],[17.06237,-29.87647],[16.34596,-28.57658]],[[28.97849,-28.95572],[28.54289,-28.64767],[28.07488,-28.85078],[27.53128,-29.24345],[26.99847,-29.87647],[27.75088,-30.64489],[28.10728,-30.54503],[28.29088,-30.22683],[28.84889,-30.06942],[29.01809,-29.74445],[29.32409,-29.25699],[28.97849,-28.95572]]]}},{"type":"Feature","id":"426","properties":{"name":"Lesotho"},"geometry":{"type":"Polygon","coordinates":[[[28.97849,-28.95572],[29.32409,-29.25699],[29.01809,-29.74445],[28.84889,-30.06942],[28.29088,-30.22683],[28.10728,-30.54503],[27.75088,-30.64489],[26.99847,-29.87647],[27.53128,-29.24345],[28.07488,-28.85078],[28.54289,-28.64767],[28.97849,-28.95572]]]}},{"type":"Feature","id":"484","properties":{"name":"Mexico"},"geometry":{"type":"Polygon","coordinates":[[[-117.12897,32.53494],[-115.99136,32.6128],[-114.72055,32.72112],[-114.81415,32.52478],[-113.30573,32.03902],[-111.02331,31.33491],[-109.03609,31.34168],[-108.24048,31.34168],[-108.24048,31.75467],[-106.50887,31.75467],[-106.14166,31.39923],[-105.63046,31.08442],[-105.03645,30.64435],[-104.70525,30.12135],[-104.45684,29.57127],[-103.93844,29.26999],[-103.11043,28.97041],[-102.48042,29.76083],[-101.66322,29.77945],[-100.95761,29.38001],[-100.4572,28.69621],[-100.1116,28.11059],[-99.5212,27.5402],[-99.30159,26.83948],[-99.02079,26.37064],[-98.23958,26.05921],[-97.53038,25.83918],[-97.14157,25.86964],[-97.52678,24.9929],[-97.70318,24.27187],[-97.77518,22.93305],[-97.87238,22.4439],[-97.69958,21.8989],[-97.38997,21.41144],[-97.18837,20.63625],[-96.52597,19.89153],[-96.29196,19.32113],[-95.89956,18.8286],[-94.83755,18.56287],[-94.42714,18.1448],[-93.54874,18.42408],[-92.78553,18.52563],[-92.03672,18.70504],[-91.40671,18.87599],[-90.77311,19.2839],[-90.53191,19.86783],[-90.4527,20.70734],[-90.2799,21.00015],[-89.6031,21.2625],[-88.54469,21.49438],[-87.65908,21.45883],[-87.05067,21.54346],[-86.81307,21.33189],[-86.84547,20.84951],[-87.38187,20.25543],[-87.61948,19.6461],[-87.43587,19.47177],[-87.58708,19.04017],[-87.83548,18.2599],[-88.09108,18.51717],[-88.29988,18.50024],[-88.49068,18.4867],[-88.84709,17.88246],[-89.03069,18.00094],[-89.14949,17.95524],[-89.14229,17.80799],[-90.0675,17.81983],[-90.99991,17.81814],[-91.00351,17.25452],[-91.45351,17.25283],[-91.08271,16.9177],[-90.71191,16.68751],[-90.60031,16.47086],[-90.4383,16.40993],[-90.4635,16.06973],[-91.74872,16.06634],[-92.22752,15.25222],[-92.08712,15.06435],[-92.20232,14.83077],[-92.22752,14.53965],[-93.35793,15.61612],[-93.87634,15.9394],[-94.68995,16.20175],[-95.25155,16.12897],[-96.05436,15.75153],[-96.55837,15.65336],[-97.26397,15.9174],[-98.01278,16.10696],[-98.94879,16.56565],[-99.6976,16.70613],[-100.82801,17.17158],[-101.66682,17.64888],[-101.91882,17.91631],[-102.47682,17.97555],[-103.49923,18.29206],[-103.91684,18.74905],[-104.99325,19.31606],[-105.49365,19.94738],[-105.73126,20.43484],[-105.39645,20.53131],[-105.50086,20.81735],[-105.27045,21.07632],[-105.26685,21.4216],[-105.60166,21.87182],[-105.69166,22.26957],[-106.03006,22.77395],[-106.90847,23.76748],[-107.91648,24.54945],[-108.40248,25.17231],[-109.25929,25.58021],[-109.44289,25.82564],[-109.29169,26.44342],[-109.8029,26.67699],[-110.3933,27.16276],[-110.64171,27.86009],[-111.17811,27.94133],[-111.76132,28.46772],[-112.22932,28.95518],[-112.27252,29.26661],[-112.80893,30.02149],[-113.16533,30.78652],[-113.14733,31.17074],[-113.87094,31.56679],[-114.20574,31.52448],[-114.77815,31.80037],[-114.93655,31.39415],[-114.77095,30.91347],[-114.67375,30.16197],[-114.33174,29.75068],[-113.59014,29.06181],[-113.42453,28.82654],[-113.27333,28.75545],[-113.14013,28.41187],[-112.96373,28.42541],[-112.76213,27.78054],[-112.45612,27.52666],[-112.24372,27.17122],[-111.61732,26.66345],[-111.28611,25.73254],[-110.98731,25.29417],[-110.71011,24.82533],[-110.65611,24.29895],[-110.1737,24.2651],[-109.7705,23.81149],[-109.41049,23.36466],[-109.43209,23.18524],[-109.8533,22.81796],[-110.0297,22.82304],[-110.2961,23.43067],[-110.94771,24.00106],[-111.67132,24.48513],[-112.18252,24.73901],[-112.15012,25.4702],[-112.30132,26.01182],[-112.77653,26.32156],[-113.46413,26.76839],[-113.59734,26.63976],[-113.84934,26.90041],[-114.46494,27.14245],[-115.05535,27.72299],[-114.98335,27.79747],[-114.56935,27.74161],[-114.19854,28.11567],[-114.16254,28.56589],[-114.93295,29.28015],[-115.51976,29.55603],[-115.88696,30.18059],[-116.25776,30.8373],[-116.72217,31.63619],[-117.12897,32.53494]]]}},{"type":"Feature","id":"858","properties":{"name":"Uruguay"},"geometry":{"type":"Polygon","coordinates":[[[-57.62398,-30.21667],[-56.97597,-30.11004],[-55.97156,-30.88354],[-55.60076,-30.85307],[-54.57115,-31.49455],[-53.78634,-32.04802],[-53.21033,-32.72843],[-53.64954,-33.20235],[-53.37233,-33.76766],[-53.80794,-34.39729],[-54.93475,-34.95245],[-55.67276,-34.75273],[-56.21636,-34.85936],[-57.13797,-34.43114],[-57.81838,-34.4633],[-58.42678,-33.90984],[-58.35118,-33.26328],[-58.13158,-33.03986],[-58.14238,-32.04464],[-57.87598,-31.01725],[-57.62398,-30.21667]]]}},{"type":"Feature","id":"076","properties":{"name":"Brazil"},"geometry":{"type":"Polygon","coordinates":[[[-53.37233,-33.76766],[-53.64954,-33.20235],[-53.21033,-32.72843],[-53.78634,-32.04802],[-54.57115,-31.49455],[-55.60076,-30.85307],[-55.97156,-30.88354],[-56.97597,-30.11004],[-57.62398,-30.21667],[-56.29196,-28.85247],[-55.16155,-27.88263],[-54.49194,-27.47473],[-53.64954,-26.92295],[-53.62794,-26.12407],[-54.12834,-25.5469],[-54.62515,-25.73985],[-54.43074,-25.16269],[-54.29394,-24.5703],[-54.29394,-24.02022],[-54.65395,-23.83911],[-55.02835,-24.0016],[-55.39915,-23.95759],[-55.51796,-23.57169],[-55.61156,-22.65601],[-55.79876,-22.35643],[-56.47196,-22.08562],[-56.88237,-22.28196],[-57.93718,-22.0907],[-57.87238,-20.73327],[-58.16758,-20.17641],[-57.85438,-19.96992],[-57.95158,-19.39953],[-57.67438,-18.96116],[-57.49797,-18.17412],[-57.73558,-17.55295],[-58.27918,-17.27198],[-58.38718,-16.87762],[-58.23958,-16.29876],[-60.1584,-16.25814],[-60.54361,-15.09366],[-60.252,-15.07674],[-60.2628,-14.64513],[-60.4608,-14.35401],[-60.50401,-13.77516],[-61.08361,-13.47896],[-61.71362,-13.48912],[-62.12762,-13.198],[-62.80443,-12.99997],[-63.19683,-12.6276],[-64.31644,-12.46173],[-65.40365,-11.56637],[-65.32085,-10.89612],[-65.44325,-10.51191],[-65.33885,-9.7621],[-66.64567,-9.93136],[-67.17487,-10.30711],[-68.04968,-10.71163],[-68.27288,-11.0146],[-68.78769,-11.0366],[-69.5293,-10.95197],[-70.0945,-11.12461],[-70.54811,-11.00952],[-70.4833,-9.4896],[-71.30411,-10.07861],[-72.18612,-10.05322],[-72.56413,-9.52007],[-73.22653,-9.46252],[-73.01413,-9.03261],[-73.57214,-8.42498],[-73.98614,-7.52454],[-73.72334,-7.34174],[-73.72334,-6.9186],[-73.11853,-6.62918],[-73.21933,-6.08925],[-72.96373,-5.74058],[-72.89173,-5.27513],[-71.74692,-4.59472],[-70.92971,-4.40177],[-70.79651,-4.25113],[-69.8929,-4.29852],[-69.44289,-1.55658],[-69.42129,-1.12328],[-69.5761,-0.54951],[-70.0189,-0.18561],[-70.0153,0.5422],[-69.45369,0.70637],[-69.25209,0.60313],[-69.21969,0.98565],[-69.8029,1.08889],[-69.8173,1.71514],[-67.86968,1.69313],[-67.53848,2.03672],[-67.26127,1.72022],[-67.06327,1.12951],[-66.87607,1.25307],[-66.32526,0.72499],[-65.54766,0.78931],[-65.35325,1.09566],[-64.61165,1.32923],[-64.19764,1.49341],[-64.08244,1.91655],[-63.36963,2.2009],[-63.42363,2.41078],[-64.26964,2.4971],[-64.41004,3.12673],[-64.36684,3.79699],[-64.81685,4.05595],[-64.62965,4.14904],[-63.88804,4.0204],[-63.09243,3.7699],[-62.80443,4.00686],[-62.08442,4.16258],[-60.96841,4.53663],[-60.60121,4.91746],[-60.73441,5.20012],[-60.2124,5.24412],[-59.982,5.01393],[-60.1116,4.57556],[-59.766,4.42323],[-59.5392,3.95947],[-59.8164,3.60573],[-59.9748,2.75606],[-59.7192,2.24999],[-59.6472,1.78623],[-59.03159,1.31739],[-58.53839,1.2683],[-58.43038,1.46464],[-58.11358,1.50695],[-57.65998,1.68298],[-57.33597,1.94871],[-56.78157,1.86408],[-56.54037,1.89963],[-55.99676,1.81838],[-55.90676,2.02149],[-56.07236,2.22121],[-55.97156,2.51064],[-55.56836,2.42094],[-55.09675,2.52418],[-54.52435,2.31261],[-54.08874,2.10612],[-53.77914,2.37693],[-53.55594,2.33461],[-53.41913,2.05365],[-52.94033,2.12474],[-52.55513,2.50387],[-52.24912,3.24183],[-51.65872,4.15581],[-51.31671,4.2032],[-51.06831,3.64973],[-50.51031,1.90132],[-49.9739,1.73714],[-49.9487,1.04658],[-50.69751,0.2223],[-50.3879,-0.07897],[-48.62029,-0.23469],[-48.58429,-1.23838],[-47.82468,-0.58166],[-46.56827,-0.94049],[-44.90505,-1.5515],[-44.41904,-2.13713],[-44.58105,-2.69059],[-43.41823,-2.38255],[-41.47421,-2.91232],[-39.9802,-2.87339],[-38.50059,-3.70105],[-37.22257,-4.82152],[-36.45216,-5.10926],[-35.59896,-5.14988],[-35.23535,-5.4647],[-34.89695,-6.7375],[-34.73135,-7.34344],[-35.12735,-8.99707],[-35.63856,-9.6487],[-37.04617,-11.03998],[-37.68338,-12.17061],[-38.42498,-13.0389],[-38.67339,-13.05751],[-38.95419,-13.79378],[-38.88219,-15.66744],[-39.15939,-17.20767],[-39.26739,-17.86776],[-39.5842,-18.26213],[-39.7606,-19.59925],[-40.77581,-20.90421],[-40.94501,-21.93668],[-41.75502,-22.36997],[-41.98902,-22.97083],[-43.07623,-22.96744],[-44.64945,-23.35165],[-45.35145,-23.7968],[-46.47106,-24.08961],[-47.64828,-24.88511],[-48.49428,-25.87695],[-48.64189,-26.62337],[-48.47628,-27.17514],[-48.65989,-28.1856],[-48.88669,-28.67475],[-49.5887,-29.22483],[-50.69751,-30.98509],[-51.57592,-31.77721],[-52.25632,-32.24605],[-52.71353,-33.19727],[-53.37233,-33.76766]]]}},{"type":"Feature","id":"068","properties":{"name":"Bolivia"},"geometry":{"type":"Polygon","coordinates":[[[-69.5293,-10.95197],[-68.78769,-11.0366],[-68.27288,-11.0146],[-68.04968,-10.71163],[-67.17487,-10.30711],[-66.64567,-9.93136],[-65.33885,-9.7621],[-65.44325,-10.51191],[-65.32085,-10.89612],[-65.40365,-11.56637],[-64.31644,-12.46173],[-63.19683,-12.6276],[-62.80443,-12.99997],[-62.12762,-13.198],[-61.71362,-13.48912],[-61.08361,-13.47896],[-60.50401,-13.77516],[-60.4608,-14.35401],[-60.2628,-14.64513],[-60.252,-15.07674],[-60.54361,-15.09366],[-60.1584,-16.25814],[-58.23958,-16.29876],[-58.38718,-16.87762],[-58.27918,-17.27198],[-57.73558,-17.55295],[-57.49797,-18.17412],[-57.67438,-18.96116],[-57.95158,-19.39953],[-57.85438,-19.96992],[-58.16758,-20.17641],[-58.18198,-19.86837],[-59.11439,-19.35722],[-60.0432,-19.34198],[-61.78562,-19.6331],[-62.26442,-20.51323],[-62.28962,-21.05147],[-62.68563,-22.2498],[-62.84763,-22.03484],[-63.98524,-21.99422],[-64.37764,-22.79819],[-64.96445,-22.07547],[-66.27486,-21.83174],[-67.10647,-22.73556],[-67.82648,-22.87266],[-68.21888,-21.49492],[-68.75889,-20.37275],[-68.44208,-19.40461],[-68.96769,-18.98147],[-69.10089,-18.26044],[-69.5905,-17.58003],[-68.96049,-16.50018],[-69.38889,-15.66067],[-69.16209,-15.32385],[-69.33849,-14.95318],[-68.94969,-14.45387],[-68.92809,-13.60252],[-68.88129,-12.90011],[-68.66529,-12.56159],[-69.5293,-10.95197]]]}},{"type":"Feature","id":"604","properties":{"name":"Peru"},"geometry":{"type":"Polygon","coordinates":[[[-69.8929,-4.29852],[-70.79651,-4.25113],[-70.92971,-4.40177],[-71.74692,-4.59472],[-72.89173,-5.27513],[-72.96373,-5.74058],[-73.21933,-6.08925],[-73.11853,-6.62918],[-73.72334,-6.9186],[-73.72334,-7.34174],[-73.98614,-7.52454],[-73.57214,-8.42498],[-73.01413,-9.03261],[-73.22653,-9.46252],[-72.56413,-9.52007],[-72.18612,-10.05322],[-71.30411,-10.07861],[-70.4833,-9.4896],[-70.54811,-11.00952],[-70.0945,-11.12461],[-69.5293,-10.95197],[-68.66529,-12.56159],[-68.88129,-12.90011],[-68.92809,-13.60252],[-68.94969,-14.45387],[-69.33849,-14.95318],[-69.16209,-15.32385],[-69.38889,-15.66067],[-68.96049,-16.50018],[-69.5905,-17.58003],[-69.8569,-18.09288],[-70.3717,-18.34845],[-71.37611,-17.77298],[-71.46251,-17.36338],[-73.44613,-16.3597],[-75.23895,-15.2663],[-76.00936,-14.64852],[-76.42336,-13.82255],[-76.25776,-13.53481],[-77.10737,-12.22308],[-78.09378,-10.37819],[-79.03699,-8.38605],[-79.44739,-7.93075],[-79.7606,-7.19449],[-80.53821,-6.54116],[-81.25101,-6.13664],[-80.92701,-5.68981],[-81.40941,-4.7369],[-81.09981,-4.03618],[-80.3042,-3.40485],[-80.1854,-3.82122],[-80.4698,-4.05987],[-80.441,-4.42546],[-80.0306,-4.34591],[-79.6238,-4.45424],[-79.20619,-4.95862],[-78.64099,-4.54733],[-78.45018,-3.87369],[-77.83818,-3.00372],[-76.63577,-2.60935],[-75.54496,-1.56166],[-75.23535,-0.91171],[-75.37215,-0.15175],[-75.10575,-0.05697],[-74.44334,-0.53089],[-74.12294,-1.00311],[-73.65854,-1.26038],[-73.07173,-2.30977],[-72.32652,-2.43502],[-71.77572,-2.16928],[-71.41211,-2.34362],[-70.81451,-2.2573],[-70.0477,-2.72444],[-70.69211,-3.74336],[-70.3933,-3.76706],[-69.8929,-4.29852]]]}},{"type":"Feature","id":"170","properties":{"name":"Colombia"},"geometry":{"type":"Polygon","coordinates":[[[-66.87607,1.25307],[-67.06327,1.12951],[-67.26127,1.72022],[-67.53848,2.03672],[-67.86968,1.69313],[-69.8173,1.71514],[-69.8029,1.08889],[-69.21969,0.98565],[-69.25209,0.60313],[-69.45369,0.70637],[-70.0153,0.5422],[-70.0189,-0.18561],[-69.5761,-0.54951],[-69.42129,-1.12328],[-69.44289,-1.55658],[-69.8929,-4.29852],[-70.3933,-3.76706],[-70.69211,-3.74336],[-70.0477,-2.72444],[-70.81451,-2.2573],[-71.41211,-2.34362],[-71.77572,-2.16928],[-72.32652,-2.43502],[-73.07173,-2.30977],[-73.65854,-1.26038],[-74.12294,-1.00311],[-74.44334,-0.53089],[-75.10575,-0.05697],[-75.37215,-0.15175],[-75.80056,0.0852],[-76.29376,0.41525],[-76.57817,0.25615],[-77.42417,0.39494],[-77.66898,0.82654],[-77.85618,0.80962],[-78.85699,1.3817],[-78.99019,1.69144],[-78.61939,1.76592],[-78.66259,2.26691],[-78.42858,2.62912],[-77.93178,2.69682],[-77.51058,3.32476],[-77.12897,3.84945],[-77.49617,4.08811],[-77.30897,4.66865],[-77.53218,5.58263],[-77.31977,5.84498],[-77.47817,6.69126],[-77.88138,7.22442],[-77.75178,7.71018],[-77.43137,7.6374],[-77.24417,7.93529],[-77.47457,8.5243],[-77.35217,8.66986],[-76.83737,8.6394],[-76.08496,9.33673],[-75.67456,9.44336],[-75.66376,9.77341],[-75.48015,10.61969],[-74.90775,11.08345],[-74.27774,11.10207],[-74.19854,11.31025],[-73.41373,11.22732],[-72.62893,11.7317],[-72.23652,11.95512],[-71.75412,12.4375],[-71.40131,12.37656],[-71.13851,12.11253],[-71.33291,11.77571],[-71.97372,11.60814],[-72.22932,11.10884],[-72.61453,10.8228],[-72.90613,10.45043],[-73.02853,9.73617],[-73.30573,9.15224],[-72.78733,9.08454],[-72.66133,8.62586],[-72.43812,8.40582],[-72.36252,8.00299],[-72.48132,7.63232],[-72.44532,7.42414],[-72.19692,7.3412],[-71.95932,6.99084],[-70.67411,7.08732],[-70.0945,6.96038],[-69.38889,6.10056],[-68.98569,6.20719],[-68.26568,6.15303],[-67.69688,6.26812],[-67.34047,6.09548],[-67.52048,5.55725],[-67.74368,5.22043],[-67.82288,4.50447],[-67.62128,3.8393],[-67.33687,3.5431],[-67.30447,3.31799],[-67.80848,2.82038],[-67.44847,2.60035],[-67.18207,2.24999],[-66.87607,1.25307]]]}},{"type":"Feature","id":"591","properties":{"name":"Panama"},"geometry":{"type":"Polygon","coordinates":[[[-77.35217,8.66986],[-77.47457,8.5243],[-77.24417,7.93529],[-77.43137,7.6374],[-77.75178,7.71018],[-77.88138,7.22442],[-78.21618,7.51215],[-78.42858,8.05208],[-78.18378,8.3195],[-78.43578,8.3872],[-78.62299,8.71895],[-79.11979,8.99653],[-79.559,8.93221],[-79.7606,8.58523],[-80.1638,8.33304],[-80.3834,8.29919],[-80.4806,8.09101],[-80.0054,7.5477],[-80.2754,7.41906],[-80.4194,7.27181],[-80.88741,7.22103],[-81.06021,7.8185],[-81.18981,7.64756],[-81.52102,7.7068],[-81.72262,8.10962],[-82.13302,8.17563],[-82.39222,8.29242],[-82.82063,8.29073],[-82.84943,8.07408],[-82.96463,8.22472],[-82.91423,8.42275],[-82.83143,8.62586],[-82.86743,8.80696],[-82.71983,8.92544],[-82.92863,9.07438],[-82.93223,9.47721],[-82.54703,9.56692],[-82.18702,9.2081],[-82.20862,8.99483],[-81.80902,8.95083],[-81.71542,9.03207],[-81.43821,8.78665],[-80.94861,8.85774],[-80.52021,9.11162],[-79.9154,9.31303],[-79.5734,9.61092],[-79.02259,9.55338],[-79.05859,9.45521],[-78.50059,9.41967],[-78.05418,9.24702],[-77.73018,8.94744],[-77.35217,8.66986]]]}},{"type":"Feature","id":"188","properties":{"name":"Costa Rica"},"geometry":{"type":"Polygon","coordinates":[[[-82.54703,9.56692],[-82.93223,9.47721],[-82.92863,9.07438],[-82.71983,8.92544],[-82.86743,8.80696],[-82.83143,8.62586],[-82.91423,8.42275],[-82.96463,8.22472],[-83.50824,8.44644],[-83.70984,8.65632],[-83.59464,8.83065],[-83.63424,9.05069],[-83.91144,9.29103],[-84.30384,9.48737],[-84.64585,9.616],[-84.71425,9.90881],[-84.97705,10.08653],[-84.91225,9.79541],[-85.11025,9.55676],[-85.34065,9.83434],[-85.66106,9.93251],[-85.79786,10.13562],[-85.79066,10.43859],[-85.66106,10.75509],[-85.94186,10.89558],[-85.71146,11.08853],[-85.56026,11.21716],[-84.90145,10.95312],[-84.67465,11.08345],[-84.35424,10.99882],[-84.18864,10.79402],[-83.89344,10.72632],[-83.65584,10.93958],[-83.40383,10.39627],[-83.01503,9.99344],[-82.54703,9.56692]]]}},{"type":"Feature","id":"558","properties":{"name":"Nicaragua"},"geometry":{"type":"Polygon","coordinates":[[[-83.65584,10.93958],[-83.89344,10.72632],[-84.18864,10.79402],[-84.35424,10.99882],[-84.67465,11.08345],[-84.90145,10.95312],[-85.56026,11.21716],[-85.71146,11.08853],[-86.05706,11.40334],[-86.52507,11.80617],[-86.74467,12.14468],[-87.16587,12.45781],[-87.66988,12.90972],[-87.55828,13.06374],[-87.39267,12.9148],[-87.31707,12.98419],[-87.00747,13.02651],[-86.88147,13.255],[-86.73387,13.26347],[-86.75547,13.75431],[-86.52147,13.778],[-86.31266,13.77123],[-86.09666,14.03866],[-85.80146,13.83555],[-85.69706,13.9608],[-85.51346,14.07928],[-85.16425,14.35517],[-85.14985,14.55997],[-85.05265,14.5515],[-84.92305,14.79015],[-84.81865,14.81893],[-84.64945,14.6666],[-84.44784,14.6209],[-84.22824,14.74953],[-83.97624,14.74953],[-83.62704,14.87986],[-83.49023,15.01696],[-83.14823,14.99665],[-83.23463,14.90017],[-83.28503,14.67675],[-83.18063,14.31116],[-83.41103,13.96926],[-83.51904,13.56813],[-83.55144,13.12637],[-83.49743,12.8691],[-83.47223,12.41888],[-83.62704,12.32071],[-83.72064,11.89249],[-83.65224,11.62845],[-83.85384,11.37288],[-83.81064,11.10376],[-83.65584,10.93958]]]}},{"type":"Feature","id":"340","properties":{"name":"Honduras"},"geometry":{"type":"Polygon","coordinates":[[[-83.14823,14.99665],[-83.49023,15.01696],[-83.62704,14.87986],[-83.97624,14.74953],[-84.22824,14.74953],[-84.44784,14.6209],[-84.64945,14.6666],[-84.81865,14.81893],[-84.92305,14.79015],[-85.05265,14.5515],[-85.14985,14.55997],[-85.16425,14.35517],[-85.51346,14.07928],[-85.69706,13.9608],[-85.80146,13.83555],[-86.09666,14.03866],[-86.31266,13.77123],[-86.52147,13.778],[-86.75547,13.75431],[-86.73387,13.26347],[-86.88147,13.255],[-87.00747,13.02651],[-87.31707,12.98419],[-87.48987,13.29732],[-87.79228,13.38364],[-87.72388,13.78477],[-87.86068,13.8931],[-88.06588,13.96418],[-88.50509,13.84571],[-88.54109,13.97942],[-88.84349,14.14021],[-89.05949,14.33993],[-89.35469,14.42456],[-89.14589,14.67844],[-89.22509,14.87478],[-89.15309,15.06604],[-88.68149,15.34701],[-88.22428,15.72783],[-88.11988,15.6889],[-87.90028,15.86493],[-87.61588,15.87847],[-87.52228,15.79723],[-87.36747,15.84631],[-86.90307,15.7566],[-86.44226,15.78199],[-86.11826,15.8937],[-86.00306,16.00541],[-85.68266,15.95294],[-85.44505,15.88524],[-85.18225,15.90893],[-84.98425,15.99526],[-84.52705,15.85647],[-84.36864,15.83446],[-84.06264,15.64828],[-83.77464,15.42486],[-83.41103,15.27084],[-83.14823,14.99665]]]}},{"type":"Feature","id":"222","properties":{"name":"El Salvador"},"geometry":{"type":"Polygon","coordinates":[[[-89.35469,14.42456],[-89.05949,14.33993],[-88.84349,14.14021],[-88.54109,13.97942],[-88.50509,13.84571],[-88.06588,13.96418],[-87.86068,13.8931],[-87.72388,13.78477],[-87.79228,13.38364],[-87.90388,13.14837],[-88.48348,13.1636],[-88.84349,13.26008],[-89.25749,13.45811],[-89.8119,13.52073],[-90.0963,13.73569],[-90.0639,13.88125],[-89.7219,14.13344],[-89.5347,14.24515],[-89.5887,14.36194],[-89.35469,14.42456]]]}},{"type":"Feature","id":"320","properties":{"name":"Guatemala"},"geometry":{"type":"Polygon","coordinates":[[[-92.22752,14.53965],[-92.20232,14.83077],[-92.08712,15.06435],[-92.22752,15.25222],[-91.74872,16.06634],[-90.4635,16.06973],[-90.4383,16.40993],[-90.60031,16.47086],[-90.71191,16.68751],[-91.08271,16.9177],[-91.45351,17.25283],[-91.00351,17.25452],[-90.99991,17.81814],[-90.0675,17.81983],[-89.14229,17.80799],[-89.14949,17.01587],[-89.22869,15.88693],[-88.92989,15.88693],[-88.60589,15.70583],[-88.51949,15.85477],[-88.22428,15.72783],[-88.68149,15.34701],[-89.15309,15.06604],[-89.22509,14.87478],[-89.14589,14.67844],[-89.35469,14.42456],[-89.5887,14.36194],[-89.5347,14.24515],[-89.7219,14.13344],[-90.0639,13.88125],[-90.0963,13.73569],[-90.60751,13.91002],[-91.23391,13.92864],[-91.69112,14.12667],[-92.22752,14.53965]]]}},{"type":"Feature","id":"084","properties":{"name":"Belize"},"geometry":{"type":"Polygon","coordinates":[[[-89.14229,17.80799],[-89.14949,17.95524],[-89.03069,18.00094],[-88.84709,17.88246],[-88.49068,18.4867],[-88.29988,18.50024],[-88.29628,18.35299],[-88.10548,18.34791],[-88.12348,18.0771],[-88.28548,17.64381],[-88.19908,17.48978],[-88.30348,17.13096],[-88.23868,17.03618],[-88.35388,16.5301],[-88.55189,16.26606],[-88.73189,16.23391],[-88.92989,15.88693],[-89.22869,15.88693],[-89.14949,17.01587],[-89.14229,17.80799]]]}},{"type":"Feature","id":"862","properties":{"name":"Venezuela"},"geometry":{"type":"Polygon","coordinates":[[[-60.73441,5.20012],[-60.60121,4.91746],[-60.96841,4.53663],[-62.08442,4.16258],[-62.80443,4.00686],[-63.09243,3.7699],[-63.88804,4.0204],[-64.62965,4.14904],[-64.81685,4.05595],[-64.36684,3.79699],[-64.41004,3.12673],[-64.26964,2.4971],[-63.42363,2.41078],[-63.36963,2.2009],[-64.08244,1.91655],[-64.19764,1.49341],[-64.61165,1.32923],[-65.35325,1.09566],[-65.54766,0.78931],[-66.32526,0.72499],[-66.87607,1.25307],[-67.18207,2.24999],[-67.44847,2.60035],[-67.80848,2.82038],[-67.30447,3.31799],[-67.33687,3.5431],[-67.62128,3.8393],[-67.82288,4.50447],[-67.74368,5.22043],[-67.52048,5.55725],[-67.34047,6.09548],[-67.69688,6.26812],[-68.26568,6.15303],[-68.98569,6.20719],[-69.38889,6.10056],[-70.0945,6.96038],[-70.67411,7.08732],[-71.95932,6.99084],[-72.19692,7.3412],[-72.44532,7.42414],[-72.48132,7.63232],[-72.36252,8.00299],[-72.43812,8.40582],[-72.66133,8.62586],[-72.78733,9.08454],[-73.30573,9.15224],[-73.02853,9.73617],[-72.90613,10.45043],[-72.61453,10.8228],[-72.22932,11.10884],[-71.97372,11.60814],[-71.33291,11.77571],[-71.36171,11.54044],[-71.94852,11.42365],[-71.62092,10.97005],[-71.63172,10.44705],[-72.07452,9.86481],[-71.69652,9.07269],[-71.26451,9.13701],[-71.04131,9.85973],[-71.35091,10.21178],[-71.40131,10.96836],[-70.1557,11.37626],[-70.2925,11.84679],[-69.9433,12.16161],[-69.5833,11.4592],[-68.88129,11.44397],[-68.23328,10.88542],[-68.19368,10.55537],[-67.29727,10.54522],[-66.22806,10.64846],[-65.65566,10.20163],[-64.88885,10.07638],[-64.33084,10.3895],[-64.31644,10.64169],[-63.07803,10.70093],[-61.87922,10.71616],[-62.72883,10.41997],[-62.38682,9.94774],[-61.58762,9.87327],[-60.83161,9.38074],[-60.66961,8.58016],[-60.1512,8.60216],[-59.7588,8.36689],[-60.55081,7.77958],[-60.63721,7.41568],[-60.2952,7.04331],[-60.54361,6.85713],[-61.15921,6.69634],[-61.14121,6.23427],[-61.41121,5.95838],[-60.73441,5.20012]]]}},{"type":"Feature","id":"328","properties":{"name":"Guyana"},"geometry":{"type":"Polygon","coordinates":[[[-56.54037,1.89963],[-56.78157,1.86408],[-57.33597,1.94871],[-57.65998,1.68298],[-58.11358,1.50695],[-58.43038,1.46464],[-58.53839,1.2683],[-59.03159,1.31739],[-59.6472,1.78623],[-59.7192,2.24999],[-59.9748,2.75606],[-59.8164,3.60573],[-59.5392,3.95947],[-59.766,4.42323],[-60.1116,4.57556],[-59.982,5.01393],[-60.2124,5.24412],[-60.73441,5.20012],[-61.41121,5.95838],[-61.14121,6.23427],[-61.15921,6.69634],[-60.54361,6.85713],[-60.2952,7.04331],[-60.63721,7.41568],[-60.55081,7.77958],[-59.7588,8.36689],[-59.09999,7.99961],[-58.48438,7.34797],[-58.45558,6.83344],[-58.07758,6.80974],[-57.54118,6.32059],[-57.14877,5.97362],[-57.30717,5.07317],[-57.91558,4.81252],[-57.86158,4.57725],[-58.04518,4.06102],[-57.60238,3.33492],[-57.28197,3.33322],[-57.14877,2.7696],[-56.54037,1.89963]]]}},{"type":"Feature","id":"740","properties":{"name":"Suriname"},"geometry":{"type":"Polygon","coordinates":[[[-54.52435,2.31261],[-55.09675,2.52418],[-55.56836,2.42094],[-55.97156,2.51064],[-56.07236,2.22121],[-55.90676,2.02149],[-55.99676,1.81838],[-56.54037,1.89963],[-57.14877,2.7696],[-57.28197,3.33322],[-57.60238,3.33492],[-58.04518,4.06102],[-57.86158,4.57725],[-57.91558,4.81252],[-57.30717,5.07317],[-57.14877,5.97362],[-55.94996,5.7722],[-55.84196,5.9533],[-55.03195,6.02609],[-53.95914,5.75697],[-54.47754,4.89715],[-54.39834,4.21335],[-54.00594,3.61927],[-54.18234,3.18936],[-54.26874,2.73237],[-54.52435,2.31261]]]}},{"type":"Feature","id":"250","properties":{"name":"France"},"geometry":{"type":"MultiPolygon","coordinates":[[[[-51.65872,4.15581],[-52.24912,3.24183],[-52.55513,2.50387],[-52.94033,2.12474],[-53.41913,2.05365],[-53.55594,2.33461],[-53.77914,2.37693],[-54.08874,2.10612],[-54.52435,2.31261],[-54.26874,2.73237],[-54.18234,3.18936],[-54.00594,3.61927],[-54.39834,4.21335],[-54.47754,4.89715],[-53.95914,5.75697],[-53.61714,5.64695],[-52.88273,5.40999],[-51.82432,4.56541],[-51.65872,4.15581]]],[[[6.18666,49.46391],[6.65827,49.20156],[8.09828,49.01707],[7.59428,48.33328],[7.46827,47.62071],[7.19107,47.44976],[6.73747,47.54116],[6.76987,47.28728],[6.03906,46.72535],[6.02106,46.27344],[6.49986,46.42915],[6.84187,45.99078],[6.80227,45.70812],[7.09747,45.33237],[6.74827,45.02771],[7.00747,44.25421],[7.55108,44.12727],[7.43587,43.69398],[6.52867,43.12866],[4.55585,43.39947],[3.10143,43.0745],[2.98623,42.47364],[1.82702,42.34331],[0.70021,42.79523],[0.3366,42.58027],[-1.50302,43.03388],[-1.90262,43.42317],[-1.38421,44.02233],[-1.19341,46.01447],[-2.22662,47.06386],[-2.96463,47.56994],[-4.49104,47.95415],[-4.59185,48.68364],[-3.29583,48.90198],[-1.61822,48.64471],[-1.93502,49.77703],[-0.98821,49.34712],[1.33741,50.12739],[1.63982,50.94659],[2.51463,51.148],[2.65863,50.79765],[3.12303,50.78072],[3.58744,50.37958],[4.28584,49.90736],[4.80065,49.98522],[5.67546,49.52992],[5.89866,49.44191],[6.18666,49.46391]]],[[[8.74629,42.62766],[9.39069,43.01018],[9.5599,42.15206],[9.22869,41.38025],[8.77509,41.58336],[8.54469,42.25699],[8.74629,42.62766]]]]}},{"type":"Feature","id":"218","properties":{"name":"Ecuador"},"geometry":{"type":"Polygon","coordinates":[[[-75.37215,-0.15175],[-75.23535,-0.91171],[-75.54496,-1.56166],[-76.63577,-2.60935],[-77.83818,-3.00372],[-78.45018,-3.87369],[-78.64099,-4.54733],[-79.20619,-4.95862],[-79.6238,-4.45424],[-80.0306,-4.34591],[-80.441,-4.42546],[-80.4698,-4.05987],[-80.1854,-3.82122],[-80.3042,-3.40485],[-79.7714,-2.65674],[-79.9874,-2.22006],[-80.369,-2.68551],[-80.96661,-2.24714],[-80.76501,-1.96448],[-80.93421,-1.05727],[-80.58501,-0.90664],[-80.3978,-0.28377],[-80.0198,0.36109],[-80.0918,0.769],[-79.541,0.98226],[-78.85699,1.3817],[-77.85618,0.80962],[-77.66898,0.82654],[-77.42417,0.39494],[-76.57817,0.25615],[-76.29376,0.41525],[-75.80056,0.0852],[-75.37215,-0.15175]]]}},{"type":"Feature","id":"630","properties":{"name":"Puerto Rico"},"geometry":{"type":"Polygon","coordinates":[[[-66.28206,18.51547],[-65.77086,18.42746],[-65.59086,18.22774],[-65.84646,17.97555],[-66.59887,17.98232],[-67.18567,17.94678],[-67.24327,18.37499],[-67.09927,18.52055],[-66.28206,18.51547]]]}},{"type":"Feature","id":"388","properties":{"name":"Jamaica"},"geometry":{"type":"Polygon","coordinates":[[[-77.56818,18.49009],[-76.89497,18.40038],[-76.36576,18.16004],[-76.20016,17.88754],[-76.90217,17.86892],[-77.20457,17.70135],[-77.76618,17.86215],[-78.33858,18.22605],[-78.21618,18.45454],[-77.79858,18.52394],[-77.56818,18.49009]]]}},{"type":"Feature","id":"192","properties":{"name":"Cuba"},"geometry":{"type":"Polygon","coordinates":[[[-82.26982,23.18863],[-81.40581,23.11754],[-80.61741,23.10569],[-79.6778,22.76549],[-79.28179,22.3999],[-78.34578,22.51161],[-77.99298,22.27803],[-77.14697,21.65856],[-76.52417,21.20664],[-76.19296,21.22018],[-75.59896,21.01708],[-75.67096,20.73442],[-74.93295,20.6938],[-74.17694,20.2842],[-74.29574,20.05063],[-74.96175,19.92368],[-75.63496,19.8746],[-76.32256,19.95246],[-77.75538,19.85598],[-77.08577,20.41283],[-77.49257,20.67349],[-78.13698,20.7395],[-78.48258,21.02892],[-78.72019,21.59762],[-79.28539,21.5587],[-80.2178,21.82781],[-80.51661,22.03769],[-81.81982,22.19171],[-82.16902,22.38636],[-81.79462,22.63686],[-82.77743,22.68763],[-83.49383,22.16802],[-83.90784,22.15448],[-84.05184,21.91075],[-84.54865,21.80073],[-84.97345,21.89551],[-84.44784,22.20525],[-84.23184,22.56577],[-83.77824,22.78749],[-83.26703,22.98383],[-82.51103,23.07861],[-82.26982,23.18863]]]}},{"type":"Feature","id":"716","properties":{"name":"Zimbabwe"},"geometry":{"type":"Polygon","coordinates":[[[31.19251,-22.25149],[30.65971,-22.15163],[30.3213,-22.2718],[29.8389,-22.10255],[29.43209,-22.0907],[28.79489,-21.63879],[28.02088,-21.48646],[27.72568,-20.85175],[27.72568,-20.49969],[27.29727,-20.39137],[26.16326,-19.2929],[25.85006,-18.71404],[25.64846,-18.53633],[25.26325,-17.73575],[26.38286,-17.84576],[26.70687,-17.96086],[27.04527,-17.93885],[27.59968,-17.2906],[28.46728,-16.46802],[28.82729,-16.39016],[28.94609,-16.04319],[29.5185,-15.64544],[30.2745,-15.50834],[30.3393,-15.8807],[31.17451,-15.86039],[31.63532,-16.07196],[31.85132,-16.31907],[32.32652,-16.39185],[32.84853,-16.71344],[32.84853,-17.97947],[32.65413,-18.67173],[32.61093,-19.41984],[32.77293,-19.71604],[32.66133,-20.30505],[32.51013,-20.39475],[32.24372,-21.11578],[31.19251,-22.25149]]]}},{"type":"Feature","id":"072","properties":{"name":"Botswana"},"geometry":{"type":"Polygon","coordinates":[[[29.43209,-22.0907],[28.01728,-22.82696],[27.12087,-23.57507],[26.78607,-24.24025],[26.48726,-24.616],[25.94006,-24.69555],[25.76726,-25.17454],[25.66646,-25.48597],[25.02565,-25.71954],[24.21204,-25.67046],[23.73324,-25.3895],[23.31203,-25.26932],[22.82603,-25.5012],[22.58123,-25.9802],[22.10602,-26.27978],[21.60562,-26.72662],[20.88921,-26.82817],[20.66601,-26.47781],[20.75961,-25.86849],[20.1656,-24.91727],[19.8956,-24.76833],[19.8956,-21.84866],[20.88201,-21.81481],[20.91081,-18.25198],[21.65602,-18.21982],[23.19683,-17.86946],[23.57844,-18.28075],[24.21564,-17.88977],[24.52165,-17.88638],[25.08325,-17.66127],[25.26325,-17.73575],[25.64846,-18.53633],[25.85006,-18.71404],[26.16326,-19.2929],[27.29727,-20.39137],[27.72568,-20.49969],[27.72568,-20.85175],[28.02088,-21.48646],[28.79489,-21.63879],[29.43209,-22.0907]]]}},{"type":"Feature","id":"516","properties":{"name":"Namibia"},"geometry":{"type":"Polygon","coordinates":[[[19.8956,-24.76833],[19.8956,-28.46149],[19.00279,-28.97264],[18.46638,-29.04542],[17.83638,-28.85586],[17.38637,-28.78308],[17.21717,-28.35655],[16.82477,-28.08236],[16.34596,-28.57658],[15.60076,-27.8217],[15.21195,-27.09052],[14.98875,-26.1173],[14.74395,-25.39288],[14.40914,-23.85265],[14.38394,-22.65601],[14.25794,-22.11101],[13.86914,-21.69972],[13.35073,-20.87206],[12.82513,-19.67372],[12.60913,-19.04579],[11.79552,-18.06918],[11.73432,-17.30245],[12.21672,-17.11119],[12.81433,-16.94194],[13.46233,-16.97071],[14.05994,-17.42262],[14.21114,-17.35323],[18.26478,-17.30922],[18.95599,-17.78991],[21.37881,-17.93039],[23.21483,-17.52248],[24.03564,-17.29568],[24.68365,-17.35323],[25.07605,-17.57834],[25.08325,-17.66127],[24.52165,-17.88638],[24.21564,-17.88977],[23.57844,-18.28075],[23.19683,-17.86946],[21.65602,-18.21982],[20.91081,-18.25198],[20.88201,-21.81481],[19.8956,-21.84866],[19.8956,-24.76833]]]}},{"type":"Feature","id":"686","properties":{"name":"Senegal"},"geometry":{"type":"Polygon","coordinates":[[[-16.71317,13.59521],[-17.12717,14.37378],[-17.62398,14.72922],[-17.18477,14.91879],[-16.70237,15.6212],[-16.46476,16.13574],[-16.11916,16.45563],[-15.62236,16.36931],[-15.13635,16.58765],[-14.57835,16.59781],[-14.09954,16.30499],[-13.43713,16.03926],[-12.83233,15.303],[-12.16992,14.61751],[-12.12312,13.99465],[-11.92872,13.42257],[-11.55432,13.1416],[-11.46791,12.75401],[-11.51472,12.44257],[-11.65872,12.38672],[-12.20232,12.46627],[-12.27792,12.35456],[-12.49752,12.33256],[-13.21753,12.57629],[-13.69994,12.58644],[-15.54676,12.62876],[-15.81676,12.51535],[-16.14796,12.54751],[-16.67717,12.38503],[-16.84277,13.15176],[-15.93196,13.12975],[-15.69076,13.27024],[-15.51076,13.2787],[-15.13995,13.50889],[-14.71155,13.29901],[-14.27594,13.28039],[-13.84394,13.5055],[-14.04554,13.79324],[-14.37674,13.62567],[-14.68635,13.63075],[-15.08235,13.87617],[-15.39915,13.86094],[-15.62596,13.62398],[-16.71317,13.59521]]]}},{"type":"Feature","id":"466","properties":{"name":"Mali"},"geometry":{"type":"Polygon","coordinates":[[[-11.51472,12.44257],[-11.46791,12.75401],[-11.55432,13.1416],[-11.92872,13.42257],[-12.12312,13.99465],[-12.16992,14.61751],[-11.83512,14.79862],[-11.66592,15.38763],[-11.34911,15.41132],[-10.65071,15.13205],[-10.0855,15.33008],[-9.7003,15.26407],[-9.5491,15.4858],[-5.53866,15.50103],[-5.31545,16.20175],[-5.48825,16.3253],[-5.97066,20.64133],[-6.45306,24.95735],[-4.92305,24.97428],[-1.54982,22.79257],[1.82342,20.61086],[2.06102,20.14202],[2.68383,19.85598],[3.14823,19.6935],[3.15903,19.05709],[4.26784,19.15526],[4.27144,16.85169],[3.72424,16.18482],[3.63784,15.56873],[2.74863,15.40963],[1.38421,15.32331],[1.01701,14.96787],[0.3762,14.92894],[-0.2646,14.92387],[-0.51661,15.11682],[-1.06741,14.97464],[-1.99982,14.55827],[-2.19062,14.24684],[-2.96823,13.79831],[-3.10503,13.54105],[-3.52264,13.33794],[-4.00504,13.47165],[-4.27864,13.22792],[-4.42624,12.54244],[-5.22185,11.71308],[-5.19665,11.37457],[-5.47025,10.95143],[-5.40545,10.37088],[-5.81586,10.22194],[-6.04986,10.09669],[-6.20466,10.52491],[-6.49266,10.4115],[-6.66547,10.43012],[-6.84907,10.139],[-7.62308,10.14747],[-7.90028,10.2981],[-8.02988,10.2067],[-8.33588,10.49444],[-8.28188,10.79233],[-8.40788,10.90912],[-8.62029,10.81095],[-8.58069,11.13592],[-8.37548,11.39319],[-8.78589,11.81294],[-8.90469,12.08883],[-9.12789,12.30886],[-9.32589,12.33425],[-9.5671,12.19377],[-9.8911,12.06006],[-10.1647,11.84341],[-10.59311,11.92465],[-10.87031,12.17854],[-11.03591,12.21069],[-11.29871,12.07867],[-11.45711,12.07698],[-11.51472,12.44257]]]}},{"type":"Feature","id":"478","properties":{"name":"Mauritania"},"geometry":{"type":"Polygon","coordinates":[[[-17.06237,21.00015],[-16.84637,21.33359],[-12.92953,21.32681],[-13.12033,22.77057],[-12.87553,23.28511],[-11.93592,23.37481],[-11.96832,25.93396],[-8.68869,25.88149],[-8.68509,27.39633],[-4.92305,24.97428],[-6.45306,24.95735],[-5.97066,20.64133],[-5.48825,16.3253],[-5.31545,16.20175],[-5.53866,15.50103],[-9.5491,15.4858],[-9.7003,15.26407],[-10.0855,15.33008],[-10.65071,15.13205],[-11.34911,15.41132],[-11.66592,15.38763],[-11.83512,14.79862],[-12.16992,14.61751],[-12.83233,15.303],[-13.43713,16.03926],[-14.09954,16.30499],[-14.57835,16.59781],[-15.13635,16.58765],[-15.62236,16.36931],[-16.11916,16.45563],[-16.46476,16.13574],[-16.55117,16.67397],[-16.27036,17.16651],[-16.14796,18.10926],[-16.25596,19.09602],[-16.37836,19.59363],[-16.27756,20.09294],[-16.53677,20.56855],[-17.06237,21.00015]]]}},{"type":"Feature","id":"204","properties":{"name":"Benin"},"geometry":{"type":"Polygon","coordinates":[[[2.69103,6.25966],[1.86662,6.14287],[1.61822,6.83174],[1.66502,9.12854],[1.46341,9.33504],[1.42381,9.82588],[1.07821,10.17624],[0.77221,10.47074],[0.89821,10.99713],[1.24381,11.11053],[1.44541,11.54721],[1.93502,11.64199],[2.15462,11.93988],[2.48942,12.2327],[2.84943,12.23608],[3.61264,11.66061],[3.57304,11.32718],[3.79624,10.73478],[3.60184,10.33195],[3.70624,10.06284],[3.22023,9.44336],[2.91063,9.13701],[2.72343,8.50738],[2.74863,7.87097],[2.69103,6.25966]]]}},{"type":"Feature","id":"562","properties":{"name":"Niger"},"geometry":{"type":"Polygon","coordinates":[[[14.85195,22.86366],[15.09675,21.3082],[15.47115,21.04924],[15.48555,20.73103],[15.90316,20.38744],[15.68716,19.95753],[15.30195,17.92816],[15.24795,16.62658],[13.97354,15.68382],[13.54154,14.36701],[13.95554,13.99634],[13.95554,13.35317],[14.59635,13.33117],[14.49554,12.85894],[14.21474,12.8014],[14.18234,12.4832],[13.99514,12.46119],[13.31833,13.55628],[13.08433,13.5969],[12.30312,13.03666],[11.52912,13.32948],[10.98911,13.38702],[10.70111,13.24654],[10.1143,13.27701],[9.5239,12.85048],[9.01629,12.82679],[7.80308,13.34302],[7.33147,13.09759],[6.82027,13.11452],[6.44586,13.49196],[5.44145,13.86602],[4.36864,13.74754],[4.10944,13.53089],[3.96904,12.95542],[3.68104,12.55259],[3.61264,11.66061],[2.84943,12.23608],[2.48942,12.2327],[2.15462,11.93988],[2.17622,12.62537],[1.02421,12.85217],[0.99181,13.33625],[0.4302,13.98957],[0.297,14.44487],[0.3762,14.92894],[1.01701,14.96787],[1.38421,15.32331],[2.74863,15.40963],[3.63784,15.56873],[3.72424,16.18482],[4.27144,16.85169],[4.26784,19.15526],[5.67906,19.60041],[8.57349,21.56547],[12.00072,23.47129],[13.58114,23.03968],[14.14274,22.4913],[14.85195,22.86366]]]}},{"type":"Feature","id":"566","properties":{"name":"Nigeria"},"geometry":{"type":"Polygon","coordinates":[[[2.69103,6.25966],[2.74863,7.87097],[2.72343,8.50738],[2.91063,9.13701],[3.22023,9.44336],[3.70624,10.06284],[3.60184,10.33195],[3.79624,10.73478],[3.57304,11.32718],[3.61264,11.66061],[3.68104,12.55259],[3.96904,12.95542],[4.10944,13.53089],[4.36864,13.74754],[5.44145,13.86602],[6.44586,13.49196],[6.82027,13.11452],[7.33147,13.09759],[7.80308,13.34302],[9.01629,12.82679],[9.5239,12.85048],[10.1143,13.27701],[10.70111,13.24654],[10.98911,13.38702],[11.52912,13.32948],[12.30312,13.03666],[13.08433,13.5969],[13.31833,13.55628],[13.99514,12.46119],[14.18234,12.4832],[14.57835,12.08544],[14.46674,11.90434],[14.41634,11.5726],[13.57394,10.7991],[13.30753,10.16101],[13.16713,9.64139],[12.95473,9.41797],[12.75313,8.71725],[12.22032,8.30596],[12.06552,7.79989],[11.83872,7.39706],[11.74512,6.98069],[11.05751,6.64387],[10.4959,7.05516],[10.1179,7.03824],[9.5239,6.4543],[9.23229,6.44415],[8.75709,5.47939],[8.50149,4.7719],[7.46107,4.41138],[7.08307,4.46385],[6.69787,4.24044],[5.89866,4.26244],[5.36225,4.88869],[5.03465,5.61141],[4.32544,6.26981],[3.57304,6.25797],[2.69103,6.25966]]]}},{"type":"Feature","id":"120","properties":{"name":"Cameroon"},"geometry":{"type":"Polygon","coordinates":[[[14.49554,12.85894],[14.89515,12.21916],[14.95995,11.55567],[14.92395,10.8905],[15.46755,9.98159],[14.90955,9.99175],[14.62875,9.92066],[14.17154,10.02222],[13.95554,9.54999],[14.54595,8.96606],[14.98155,8.7968],[15.12195,8.38213],[15.43515,7.69326],[15.28035,7.42245],[14.77635,6.4086],[14.53515,6.2275],[14.45954,5.45231],[14.56035,5.03086],[14.47754,4.73297],[14.95275,4.20997],[15.03555,3.85115],[15.40635,3.33492],[15.86356,3.01333],[15.90676,2.55803],[16.01116,2.26691],[15.93916,1.72699],[15.14715,1.96394],[14.33714,2.22798],[13.07713,2.26691],[12.95113,2.32107],[12.36072,2.19244],[11.75232,2.32615],[11.27711,2.26183],[9.6499,2.28384],[9.7939,3.07257],[9.40509,3.73436],[8.94789,3.90362],[8.74629,4.35214],[8.48708,4.49601],[8.50149,4.7719],[8.75709,5.47939],[9.23229,6.44415],[9.5239,6.4543],[10.1179,7.03824],[10.4959,7.05516],[11.05751,6.64387],[11.74512,6.98069],[11.83872,7.39706],[12.06552,7.79989],[12.22032,8.30596],[12.75313,8.71725],[12.95473,9.41797],[13.16713,9.64139],[13.30753,10.16101],[13.57394,10.7991],[14.41634,11.5726],[14.46674,11.90434],[14.57835,12.08544],[14.18234,12.4832],[14.21474,12.8014],[14.49554,12.85894]]]}},{"type":"Feature","id":"768","properties":{"name":"Togo"},"geometry":{"type":"Polygon","coordinates":[[[0.89821,10.99713],[0.77221,10.47074],[1.07821,10.17624],[1.42381,9.82588],[1.46341,9.33504],[1.66502,9.12854],[1.61822,6.83174],[1.86662,6.14287],[1.06021,5.92961],[0.83701,6.27997],[0.57061,6.91468],[0.4914,7.41229],[0.71101,8.31273],[0.4626,8.67663],[0.3654,9.46536],[0.369,10.19147],[-0.0486,10.7077],[0.0234,11.01913],[0.89821,10.99713]]]}},{"type":"Feature","id":"288","properties":{"name":"Ghana"},"geometry":{"type":"Polygon","coordinates":[[[0.0234,11.01913],[-0.0486,10.7077],[0.369,10.19147],[0.3654,9.46536],[0.4626,8.67663],[0.71101,8.31273],[0.4914,7.41229],[0.57061,6.91468],[0.83701,6.27997],[1.06021,5.92961],[-0.50941,5.34398],[-1.06381,5.00039],[-1.96382,4.71097],[-2.85663,4.99532],[-2.80983,5.38968],[-3.24543,6.2512],[-2.98263,7.38013],[-2.56143,8.21964],[-2.82783,9.64308],[-2.96463,10.39458],[-2.93943,10.96328],[-1.20421,11.00898],[-0.76141,10.9362],[-0.4374,11.09868],[0.0234,11.01913]]]}},{"type":"Feature","id":"384","properties":{"name":"C\u00f4te d'Ivoire"},"geometry":{"type":"Polygon","coordinates":[[[-8.02988,10.2067],[-7.90028,10.2981],[-7.62308,10.14747],[-6.84907,10.139],[-6.66547,10.43012],[-6.49266,10.4115],[-6.20466,10.52491],[-6.04986,10.09669],[-5.81586,10.22194],[-5.40545,10.37088],[-4.95545,10.15254],[-4.77905,9.82249],[-4.32904,9.61092],[-3.97984,9.86312],[-3.51184,9.90035],[-2.82783,9.64308],[-2.56143,8.21964],[-2.98263,7.38013],[-3.24543,6.2512],[-2.80983,5.38968],[-2.85663,4.99532],[-3.31023,4.98347],[-4.00864,5.17981],[-4.64945,5.16796],[-5.83386,4.99362],[-6.52867,4.70589],[-7.51868,4.3386],[-7.71308,4.36399],[-7.63388,5.18827],[-7.54028,5.31352],[-7.56908,5.70788],[-7.99388,6.12595],[-8.31068,6.19365],[-8.60229,6.46784],[-8.38628,6.91129],[-8.48708,7.39536],[-8.44028,7.68648],[-8.28188,7.68648],[-8.22068,8.12317],[-8.29988,8.31612],[-8.20268,8.45491],[-7.83188,8.57508],[-8.08028,9.37566],[-8.31068,9.79034],[-8.22788,10.12885],[-8.02988,10.2067]]]}},{"type":"Feature","id":"324","properties":{"name":"Guinea"},"geometry":{"type":"Polygon","coordinates":[[[-13.69994,12.58644],[-13.21753,12.57629],[-12.49752,12.33256],[-12.27792,12.35456],[-12.20232,12.46627],[-11.65872,12.38672],[-11.51472,12.44257],[-11.45711,12.07698],[-11.29871,12.07867],[-11.03591,12.21069],[-10.87031,12.17854],[-10.59311,11.92465],[-10.1647,11.84341],[-9.8911,12.06006],[-9.5671,12.19377],[-9.32589,12.33425],[-9.12789,12.30886],[-8.90469,12.08883],[-8.78589,11.81294],[-8.37548,11.39319],[-8.58069,11.13592],[-8.62029,10.81095],[-8.40788,10.90912],[-8.28188,10.79233],[-8.33588,10.49444],[-8.02988,10.2067],[-8.22788,10.12885],[-8.31068,9.79034],[-8.08028,9.37566],[-7.83188,8.57508],[-8.20268,8.45491],[-8.29988,8.31612],[-8.22068,8.12317],[-8.28188,7.68648],[-8.44028,7.68648],[-8.72109,7.71187],[-8.92629,7.30904],[-9.20709,7.31412],[-9.40509,7.52738],[-9.33669,7.92852],[-9.7543,8.54123],[-10.0171,8.42783],[-10.2295,8.40582],[-10.50671,8.34828],[-10.4959,8.71556],[-10.65431,8.97791],[-10.62191,9.26733],[-10.83791,9.68878],[-11.11871,10.04591],[-11.91792,10.0476],[-12.15192,9.85804],[-12.42552,9.83603],[-12.59833,9.61939],[-12.71353,9.3435],[-13.24633,8.90343],[-13.68554,9.49414],[-14.07434,9.88681],[-14.32994,10.01545],[-14.57835,10.21517],[-14.69355,10.65693],[-14.84115,10.87696],[-15.12915,11.04114],[-14.68635,11.52859],[-14.38394,11.50997],[-14.12114,11.67754],[-13.90154,11.67923],[-13.74314,11.81125],[-13.82954,12.14299],[-13.71794,12.24793],[-13.69994,12.58644]]]}},{"type":"Feature","id":"624","properties":{"name":"Guinea-Bissau"},"geometry":{"type":"Polygon","coordinates":[[[-16.67717,12.38503],[-16.14796,12.54751],[-15.81676,12.51535],[-15.54676,12.62876],[-13.69994,12.58644],[-13.71794,12.24793],[-13.82954,12.14299],[-13.74314,11.81125],[-13.90154,11.67923],[-14.12114,11.67754],[-14.38394,11.50997],[-14.68635,11.52859],[-15.12915,11.04114],[-15.66556,11.4592],[-16.08676,11.52521],[-16.31356,11.80617],[-16.30996,11.9585],[-16.61237,12.17007],[-16.67717,12.38503]]]}},{"type":"Feature","id":"430","properties":{"name":"Liberia"},"geometry":{"type":"Polygon","coordinates":[[[-8.44028,7.68648],[-8.48708,7.39536],[-8.38628,6.91129],[-8.60229,6.46784],[-8.31068,6.19365],[-7.99388,6.12595],[-7.56908,5.70788],[-7.54028,5.31352],[-7.63388,5.18827],[-7.71308,4.36399],[-7.97588,4.35553],[-9.00549,4.83283],[-9.9127,5.59279],[-10.76591,6.14118],[-11.43911,6.78604],[-11.20151,7.10594],[-11.14751,7.39706],[-10.69391,7.93868],[-10.2295,8.40582],[-10.0171,8.42783],[-9.7543,8.54123],[-9.33669,7.92852],[-9.40509,7.52738],[-9.20709,7.31412],[-8.92629,7.30904],[-8.72109,7.71187],[-8.44028,7.68648]]]}},{"type":"Feature","id":"694","properties":{"name":"Sierra Leone"},"geometry":{"type":"Polygon","coordinates":[[[-13.24633,8.90343],[-12.71353,9.3435],[-12.59833,9.61939],[-12.42552,9.83603],[-12.15192,9.85804],[-11.91792,10.0476],[-11.11871,10.04591],[-10.83791,9.68878],[-10.62191,9.26733],[-10.65431,8.97791],[-10.4959,8.71556],[-10.50671,8.34828],[-10.2295,8.40582],[-10.69391,7.93868],[-11.14751,7.39706],[-11.20151,7.10594],[-11.43911,6.78604],[-11.70912,6.86052],[-12.42912,7.26335],[-12.94753,7.79819],[-13.12393,8.16379],[-13.24633,8.90343]]]}},{"type":"Feature","id":"854","properties":{"name":"Burkina Faso"},"geometry":{"type":"Polygon","coordinates":[[[-5.40545,10.37088],[-5.47025,10.95143],[-5.19665,11.37457],[-5.22185,11.71308],[-4.42624,12.54244],[-4.27864,13.22792],[-4.00504,13.47165],[-3.52264,13.33794],[-3.10503,13.54105],[-2.96823,13.79831],[-2.19062,14.24684],[-1.99982,14.55827],[-1.06741,14.97464],[-0.51661,15.11682],[-0.2646,14.92387],[0.3762,14.92894],[0.297,14.44487],[0.4302,13.98957],[0.99181,13.33625],[1.02421,12.85217],[2.17622,12.62537],[2.15462,11.93988],[1.93502,11.64199],[1.44541,11.54721],[1.24381,11.11053],[0.89821,10.99713],[0.0234,11.01913],[-0.4374,11.09868],[-0.76141,10.9362],[-1.20421,11.00898],[-2.93943,10.96328],[-2.96463,10.39458],[-2.82783,9.64308],[-3.51184,9.90035],[-3.97984,9.86312],[-4.32904,9.61092],[-4.77905,9.82249],[-4.95545,10.15254],[-5.40545,10.37088]]]}},{"type":"Feature","id":"140","properties":{"name":"Central African Rep."},"geometry":{"type":"Polygon","coordinates":[[[27.37287,5.23397],[27.04527,5.12734],[26.40446,5.15103],[25.65206,5.25597],[25.27765,5.16965],[25.13005,4.92761],[24.80605,4.89715],[24.41004,5.10872],[23.29763,4.60941],[22.84043,4.71097],[22.70363,4.63311],[22.40482,4.02887],[21.65962,4.22351],[20.92881,4.32337],[20.2916,4.69235],[19.46719,5.03086],[18.93079,4.70927],[18.54199,4.20151],[18.45198,3.50417],[17.81118,3.56003],[17.13437,3.72759],[16.53677,3.19782],[16.01116,2.26691],[15.90676,2.55803],[15.86356,3.01333],[15.40635,3.33492],[15.03555,3.85115],[14.95275,4.20997],[14.47754,4.73297],[14.56035,5.03086],[14.45954,5.45231],[14.53515,6.2275],[14.77635,6.4086],[15.28035,7.42245],[16.10476,7.49692],[16.29196,7.75419],[16.45756,7.73557],[16.70597,7.50877],[17.96598,7.89128],[18.39078,8.28057],[18.91279,8.63093],[18.81199,8.98298],[19.09279,9.07438],[20.0612,9.01345],[21.00081,9.47552],[21.72442,10.56722],[22.23202,10.97174],[22.86563,11.14269],[22.97723,10.71447],[23.55324,10.08992],[23.55684,9.68201],[23.39483,9.26564],[23.45963,8.95421],[23.80524,8.66648],[24.56845,8.2298],[25.11565,7.82527],[25.12285,7.5003],[25.79606,6.979],[26.21366,6.54739],[26.46566,5.94653],[27.21447,5.55048],[27.37287,5.23397]]]}},{"type":"Feature","id":"178","properties":{"name":"Congo"},"geometry":{"type":"Polygon","coordinates":[[[18.45198,3.50417],[18.39438,2.89993],[18.09558,2.36508],[17.89758,1.74222],[17.77518,0.85532],[17.82558,0.28831],[17.66358,-0.05866],[17.63838,-0.42426],[17.52318,-0.74415],[16.86437,-1.22653],[16.40716,-1.74107],[15.97156,-2.7126],[16.00756,-3.53518],[15.75196,-3.85507],[15.17235,-4.34422],[14.58195,-4.97047],[14.20754,-4.79275],[14.14634,-4.51009],[13.59914,-4.49994],[13.25713,-4.88246],[12.99433,-4.7809],[12.61993,-4.43731],[12.31752,-4.60657],[11.91432,-5.03817],[11.09351,-3.97863],[11.85672,-3.42685],[11.47871,-2.76506],[11.82072,-2.51457],[12.49392,-2.39101],[12.57673,-1.94925],[13.10953,-2.42825],[13.99154,-2.47056],[14.29754,-1.99834],[14.42714,-1.33316],[14.31554,-0.55289],[13.84394,0.03951],[14.27594,1.19722],[14.02754,1.39524],[13.28233,1.314],[13.00153,1.83023],[13.07713,2.26691],[14.33714,2.22798],[15.14715,1.96394],[15.93916,1.72699],[16.01116,2.26691],[16.53677,3.19782],[17.13437,3.72759],[17.81118,3.56003],[18.45198,3.50417]]]}},{"type":"Feature","id":"266","properties":{"name":"Gabon"},"geometry":{"type":"Polygon","coordinates":[[[11.27711,2.26183],[11.75232,2.32615],[12.36072,2.19244],[12.95113,2.32107],[13.07713,2.26691],[13.00153,1.83023],[13.28233,1.314],[14.02754,1.39524],[14.27594,1.19722],[13.84394,0.03951],[14.31554,-0.55289],[14.42714,-1.33316],[14.29754,-1.99834],[13.99154,-2.47056],[13.10953,-2.42825],[12.57673,-1.94925],[12.49392,-2.39101],[11.82072,-2.51457],[11.47871,-2.76506],[11.85672,-3.42685],[11.09351,-3.97863],[10.0675,-2.96986],[9.40509,-2.1439],[8.79669,-1.11143],[8.82909,-0.77969],[9.04869,-0.4598],[9.28989,0.268],[9.49149,1.00934],[9.8299,1.06858],[11.28431,1.05843],[11.27711,2.26183]]]}},{"type":"Feature","id":"226","properties":{"name":"Eq. Guinea"},"geometry":{"type":"Polygon","coordinates":[[[9.6499,2.28384],[11.27711,2.26183],[11.28431,1.05843],[9.8299,1.06858],[9.49149,1.00934],[9.30429,1.16167],[9.6499,2.28384]]]}},{"type":"Feature","id":"894","properties":{"name":"Zambia"},"geometry":{"type":"Polygon","coordinates":[[[30.73891,-8.34035],[31.15651,-8.59424],[31.55612,-8.7618],[32.19332,-8.93106],[32.75853,-9.23064],[33.23013,-9.67747],[33.48573,-10.52545],[33.31653,-10.79625],[33.11493,-11.60699],[33.30573,-12.43634],[32.99253,-12.78332],[32.68653,-13.71253],[33.21573,-13.97149],[30.1809,-14.79577],[30.2745,-15.50834],[29.5185,-15.64544],[28.94609,-16.04319],[28.82729,-16.39016],[28.46728,-16.46802],[27.59968,-17.2906],[27.04527,-17.93885],[26.70687,-17.96086],[26.38286,-17.84576],[25.26325,-17.73575],[25.08325,-17.66127],[25.07605,-17.57834],[24.68365,-17.35323],[24.03564,-17.29568],[23.21483,-17.52248],[22.56323,-16.89793],[21.88642,-16.08042],[21.93322,-12.89841],[24.01764,-12.91026],[23.93124,-12.56667],[24.07884,-12.19092],[23.90244,-11.72208],[24.01764,-11.23801],[23.91324,-10.92658],[24.25884,-10.95197],[24.31284,-11.2634],[24.78445,-11.23801],[25.41805,-11.3311],[25.75286,-11.78471],[26.55207,-11.92519],[27.16407,-11.60868],[27.38727,-12.13338],[28.15408,-12.27217],[28.52489,-12.69869],[28.93529,-13.24877],[29.6985,-13.25724],[29.6157,-12.17908],[29.34209,-12.36018],[28.64369,-11.97089],[28.37368,-11.79317],[28.49608,-10.78948],[28.67249,-9.60639],[28.44928,-9.16463],[28.73369,-8.52653],[29.00369,-8.40636],[30.3465,-8.2388],[30.73891,-8.34035]]]}},{"type":"Feature","id":"454","properties":{"name":"Malawi"},"geometry":{"type":"Polygon","coordinates":[[[32.75853,-9.23064],[33.74134,-9.41682],[33.93934,-9.6944],[34.28134,-10.15985],[34.55855,-11.52067],[34.28134,-12.28063],[34.55855,-13.58051],[34.90775,-13.56528],[35.26775,-13.88856],[35.68536,-14.61128],[35.77176,-15.89763],[35.33975,-16.1075],[35.03375,-16.80145],[34.38214,-16.18367],[34.30654,-15.47787],[34.51895,-15.01411],[34.46134,-14.61297],[34.06534,-14.36078],[33.78814,-14.45218],[33.21573,-13.97149],[32.68653,-13.71253],[32.99253,-12.78332],[33.30573,-12.43634],[33.11493,-11.60699],[33.31653,-10.79625],[33.48573,-10.52545],[33.23013,-9.67747],[32.75853,-9.23064]]]}},{"type":"Feature","id":"508","properties":{"name":"Mozambique"},"geometry":{"type":"Polygon","coordinates":[[[34.55855,-11.52067],[35.31095,-11.43943],[36.51337,-11.72039],[36.77617,-11.59514],[37.47097,-11.56806],[37.82738,-11.26848],[38.42858,-11.2854],[39.5194,-10.89612],[40.315,-10.31726],[40.477,-10.76579],[40.4374,-11.76101],[40.55981,-12.63945],[40.59941,-14.20168],[40.77581,-14.69252],[40.477,-15.40678],[40.0882,-16.10073],[39.45099,-16.72021],[38.53659,-17.10104],[37.40977,-17.5868],[36.28296,-18.65988],[35.89776,-18.84268],[35.19935,-19.55355],[34.78535,-19.78374],[34.70255,-20.49631],[35.17775,-21.25457],[35.37215,-21.8402],[35.38655,-22.13978],[35.56296,-22.0907],[35.53416,-23.07069],[35.37215,-23.53614],[35.60616,-23.70709],[35.45855,-24.12177],[35.04095,-24.4789],[34.21654,-24.81572],[33.01413,-25.35734],[32.57493,-25.72801],[32.66133,-26.14776],[32.91693,-26.21546],[32.83053,-26.74185],[32.07092,-26.73339],[31.98452,-26.29163],[31.83692,-25.8431],[31.75412,-25.48428],[31.93052,-24.36888],[31.67132,-23.6597],[31.19251,-22.25149],[32.24372,-21.11578],[32.51013,-20.39475],[32.66133,-20.30505],[32.77293,-19.71604],[32.61093,-19.41984],[32.65413,-18.67173],[32.84853,-17.97947],[32.84853,-16.71344],[32.32652,-16.39185],[31.85132,-16.31907],[31.63532,-16.07196],[31.17451,-15.86039],[30.3393,-15.8807],[30.2745,-15.50834],[30.1809,-14.79577],[33.21573,-13.97149],[33.78814,-14.45218],[34.06534,-14.36078],[34.46134,-14.61297],[34.51895,-15.01411],[34.30654,-15.47787],[34.38214,-16.18367],[35.03375,-16.80145],[35.33975,-16.1075],[35.77176,-15.89763],[35.68536,-14.61128],[35.26775,-13.88856],[34.90775,-13.56528],[34.55855,-13.58051],[34.28134,-12.28063],[34.55855,-11.52067]]]}},{"type":"Feature","id":"748","properties":{"name":"eSwatini"},"geometry":{"type":"Polygon","coordinates":[[[32.07092,-26.73339],[31.86932,-27.17853],[31.28251,-27.28516],[30.68491,-26.74354],[30.67771,-26.39826],[30.95131,-26.02251],[31.04491,-25.73139],[31.33291,-25.6603],[31.83692,-25.8431],[31.98452,-26.29163],[32.07092,-26.73339]]]}},{"type":"Feature","id":"024","properties":{"name":"Angola"},"geometry":{"type":"MultiPolygon","coordinates":[[[[12.99433,-4.7809],[12.63073,-4.99078],[12.46872,-5.24805],[12.43632,-5.68473],[12.18072,-5.78967],[11.91432,-5.03817],[12.31752,-4.60657],[12.61993,-4.43731],[12.99433,-4.7809]]],[[[12.32112,-6.0994],[12.73513,-5.96569],[13.02313,-5.98431],[13.37593,-5.86414],[16.32796,-5.87768],[16.57277,-6.62241],[16.86077,-7.22157],[17.09117,-7.54485],[17.47277,-8.06785],[18.13518,-7.9883],[18.46278,-7.84782],[19.01719,-7.9883],[19.16839,-7.7378],[19.41679,-7.15556],[20.036,-7.11663],[20.09,-6.9423],[20.60121,-6.93891],[20.51481,-7.29943],[21.72802,-7.29097],[21.74602,-7.9206],[21.94762,-8.3065],[21.80002,-8.90905],[21.87562,-9.52345],[22.21042,-9.89412],[22.15642,-11.08399],[22.40122,-10.99259],[22.83683,-11.01798],[23.45603,-10.86734],[23.91324,-10.92658],[24.01764,-11.23801],[23.90244,-11.72208],[24.07884,-12.19092],[23.93124,-12.56667],[24.01764,-12.91026],[21.93322,-12.89841],[21.88642,-16.08042],[22.56323,-16.89793],[23.21483,-17.52248],[21.37881,-17.93039],[18.95599,-17.78991],[18.26478,-17.30922],[14.21114,-17.35323],[14.05994,-17.42262],[13.46233,-16.97071],[12.81433,-16.94194],[12.21672,-17.11119],[11.73432,-17.30245],[11.64072,-16.67282],[11.77752,-15.79438],[12.12312,-14.87871],[12.17712,-14.4488],[12.50113,-13.54836],[12.73873,-13.13706],[13.31113,-12.48374],[13.63514,-12.03859],[13.73954,-11.29725],[13.68554,-10.73025],[13.38673,-10.37312],[13.12033,-9.76718],[12.87553,-9.16632],[12.92953,-8.95983],[13.23553,-8.56208],[12.93313,-7.59732],[12.72793,-6.92707],[12.22752,-6.29405],[12.32112,-6.0994]]]]}},{"type":"Feature","id":"108","properties":{"name":"Burundi"},"geometry":{"type":"Polygon","coordinates":[[[30.4689,-2.41301],[30.52651,-2.80738],[30.74251,-3.03418],[30.75331,-3.35915],[30.50491,-3.56903],[30.1161,-4.09034],[29.7525,-4.45255],[29.33849,-4.49994],[29.27729,-3.29314],[29.02529,-2.83954],[29.6337,-2.91739],[29.9397,-2.34869],[30.4689,-2.41301]]]}},{"type":"Feature","id":"376","properties":{"name":"Israel"},"geometry":{"type":"Polygon","coordinates":[[[35.72136,32.70927],[35.54496,32.39446],[35.18495,32.53325],[34.97615,31.86638],[35.22455,31.75467],[34.96895,31.61757],[34.92575,31.35353],[35.39735,31.48894],[35.42255,31.09965],[34.92215,29.50187],[34.82495,29.76083],[34.26694,31.21982],[34.55495,31.54818],[34.48654,31.60572],[34.75295,32.07287],[34.95455,32.82775],[35.09855,33.07994],[35.12735,33.0901],[35.46215,33.0884],[35.55216,33.26443],[35.82216,33.27797],[35.83656,32.86837],[35.69976,32.71604],[35.72136,32.70927]]]}},{"type":"Feature","id":"422","properties":{"name":"Lebanon"},"geometry":{"type":"Polygon","coordinates":[[[35.82216,33.27797],[35.55216,33.26443],[35.46215,33.0884],[35.12735,33.0901],[35.48375,33.90591],[35.98056,34.61001],[35.99856,34.64556],[36.44856,34.59309],[36.61057,34.20211],[36.06696,33.82467],[35.82216,33.27797]]]}},{"type":"Feature","id":"450","properties":{"name":"Madagascar"},"geometry":{"type":"Polygon","coordinates":[[[49.5419,-12.4702],[49.8083,-12.89503],[50.0567,-13.55513],[50.2187,-14.75853],[50.4779,-15.22568],[50.3771,-15.70637],[50.2007,-16.00087],[49.8623,-15.41355],[49.6715,-15.70975],[49.8623,-16.45109],[49.7759,-16.87423],[49.49869,-17.10611],[49.43389,-17.95239],[49.04149,-19.11857],[48.54829,-20.49631],[47.92908,-22.39197],[47.54748,-23.78156],[47.09747,-24.94097],[46.28386,-25.17793],[45.40905,-25.60107],[44.83305,-25.34549],[44.04104,-24.98836],[43.76384,-24.46028],[43.69904,-23.57338],[43.34623,-22.77618],[43.25263,-22.05685],[43.43263,-21.33582],[43.89344,-21.16318],[43.89704,-20.82974],[44.37584,-20.07317],[44.46584,-19.43507],[44.23184,-18.96116],[44.04464,-18.33153],[43.96184,-17.41077],[44.31104,-16.85054],[44.44784,-16.21583],[44.94465,-16.17859],[45.50266,-15.97379],[45.87346,-15.79269],[46.31266,-15.78084],[46.88147,-15.21045],[47.70588,-14.59436],[48.00468,-14.09167],[47.86788,-13.66345],[48.29268,-13.78362],[48.84349,-13.08967],[48.86509,-12.48712],[49.19629,-12.04029],[49.5419,-12.4702]]]}},{"type":"Feature","id":"275","properties":{"name":"Palestine"},"geometry":{"type":"Polygon","coordinates":[[[35.39735,31.48894],[34.92575,31.35353],[34.96895,31.61757],[35.22455,31.75467],[34.97615,31.86638],[35.18495,32.53325],[35.54496,32.39446],[35.54496,31.78175],[35.39735,31.48894]]]}},{"type":"Feature","id":"270","properties":{"name":"Gambia"},"geometry":{"type":"Polygon","coordinates":[[[-16.71317,13.59521],[-15.62596,13.62398],[-15.39915,13.86094],[-15.08235,13.87617],[-14.68635,13.63075],[-14.37674,13.62567],[-14.04554,13.79324],[-13.84394,13.5055],[-14.27594,13.28039],[-14.71155,13.29901],[-15.13995,13.50889],[-15.51076,13.2787],[-15.69076,13.27024],[-15.93196,13.12975],[-16.84277,13.15176],[-16.71317,13.59521]]]}},{"type":"Feature","id":"788","properties":{"name":"Tunisia"},"geometry":{"type":"Polygon","coordinates":[[[9.48069,30.30753],[9.05589,32.10334],[8.44028,32.50616],[8.42948,32.7482],[7.61228,33.34398],[7.52588,34.09717],[8.14148,34.65571],[8.37548,35.47999],[8.21708,36.4329],[8.42228,36.94575],[9.5095,37.35027],[10.2115,37.2301],[10.1791,36.72402],[11.02871,37.09131],[11.10071,36.90005],[10.60031,36.4092],[10.59311,35.94714],[10.93871,35.69833],[10.80911,34.83343],[10.1503,34.33074],[10.3411,33.78574],[10.85591,33.76881],[11.10791,33.2932],[11.48951,33.13749],[11.43191,32.36907],[10.94591,32.08133],[10.63631,31.76144],[9.9487,31.37554],[10.0567,30.96255],[9.9703,30.53941],[9.48069,30.30753]]]}},{"type":"Feature","id":"012","properties":{"name":"Algeria"},"geometry":{"type":"Polygon","coordinates":[[[-8.68509,27.39633],[-8.66349,27.58928],[-8.66709,27.65698],[-8.67429,28.84177],[-7.05787,29.57973],[-6.06066,29.73206],[-5.24345,30.00118],[-4.85825,30.50048],[-3.69184,30.89654],[-3.64864,31.63788],[-3.06903,31.7242],[-2.61543,32.09487],[-1.30861,32.26244],[-1.12501,32.65172],[-1.38781,32.86329],[-1.73342,33.91945],[-1.79462,34.52708],[-2.16902,35.16856],[-1.20781,35.71526],[-0.1278,35.8879],[0.50221,36.30088],[1.46701,36.60554],[3.16263,36.78326],[4.81505,36.8645],[5.31905,36.71725],[6.26226,37.10992],[7.33147,37.11839],[7.73828,36.88651],[8.42228,36.94575],[8.21708,36.4329],[8.37548,35.47999],[8.14148,34.65571],[7.52588,34.09717],[7.61228,33.34398],[8.42948,32.7482],[8.44028,32.50616],[9.05589,32.10334],[9.48069,30.30753],[9.8047,29.42402],[9.8587,28.96025],[9.6823,28.14444],[9.7579,27.68745],[9.6283,27.14075],[9.7147,26.51281],[9.31869,26.09475],[9.9091,25.36526],[9.9487,24.93704],[10.3051,24.3785],[10.77311,24.56299],[11.56152,24.09753],[12.00072,23.47129],[8.57349,21.56547],[5.67906,19.60041],[4.26784,19.15526],[3.15903,19.05709],[3.14823,19.6935],[2.68383,19.85598],[2.06102,20.14202],[1.82342,20.61086],[-1.54982,22.79257],[-4.92305,24.97428],[-8.68509,27.39633]]]}},{"type":"Feature","id":"400","properties":{"name":"Jordan"},"geometry":{"type":"Polygon","coordinates":[[[35.54496,32.39446],[35.72136,32.70927],[36.83377,32.31321],[38.79219,33.37952],[39.19539,32.16088],[39.00459,32.01024],[37.00297,31.50925],[38.00018,30.50895],[37.66898,30.338],[37.50338,30.00456],[36.74017,29.86577],[36.50257,29.50526],[36.07056,29.19721],[34.95455,29.35631],[34.92215,29.50187],[35.42255,31.09965],[35.39735,31.48894],[35.54496,31.78175],[35.54496,32.39446]]]}},{"type":"Feature","id":"784","properties":{"name":"United Arab Emirates"},"geometry":{"type":"Polygon","coordinates":[[[51.57952,24.24479],[51.75592,24.29387],[51.79552,24.01968],[52.57673,24.17708],[53.40473,24.1517],[54.00954,24.12123],[54.69355,24.79825],[55.43875,25.43973],[56.07236,26.05582],[56.25956,25.71393],[56.39636,24.92519],[55.88516,24.92012],[55.80236,24.27017],[55.98236,24.13138],[55.52876,23.93336],[55.52516,23.52545],[55.23355,23.11077],[55.20835,22.70794],[55.00675,22.49637],[52.00072,23.00076],[51.61912,24.0146],[51.57952,24.24479]]]}},{"type":"Feature","id":"634","properties":{"name":"Qatar"},"geometry":{"type":"Polygon","coordinates":[[[50.80911,24.75425],[50.74431,25.48205],[51.01431,26.00674],[51.28791,26.11506],[51.59032,25.80194],[51.60832,25.21631],[51.38871,24.6273],[51.11151,24.55622],[50.80911,24.75425]]]}},{"type":"Feature","id":"414","properties":{"name":"Kuwait"},"geometry":{"type":"Polygon","coordinates":[[[47.97588,29.97579],[48.18468,29.53403],[48.09468,29.30554],[48.41508,28.55235],[47.70948,28.52527],[47.46107,29.00257],[46.56827,29.09904],[47.30267,30.05872],[47.97588,29.97579]]]}},{"type":"Feature","id":"368","properties":{"name":"Iraq"},"geometry":{"type":"Polygon","coordinates":[[[39.19539,32.16088],[38.79219,33.37952],[41.00621,34.41876],[41.38421,35.62893],[41.29061,36.35843],[41.83782,36.60554],[42.34902,37.2301],[42.77743,37.38581],[43.94384,37.25548],[44.29304,37.0016],[44.77185,37.17086],[45.41985,35.9776],[46.07506,35.67802],[46.15066,35.09409],[45.65026,34.7488],[45.41625,33.96853],[46.11106,33.01732],[47.33507,32.46893],[47.84988,31.70897],[47.68428,30.98455],[48.00468,30.98455],[48.01548,30.45309],[48.56629,29.92671],[47.97588,29.97579],[47.30267,30.05872],[46.56827,29.09904],[44.71065,29.17859],[41.88822,31.18935],[40.4014,31.89007],[39.19539,32.16088]]]}},{"type":"Feature","id":"512","properties":{"name":"Oman"},"geometry":{"type":"MultiPolygon","coordinates":[[[[55.20835,22.70794],[55.23355,23.11077],[55.52516,23.52545],[55.52876,23.93336],[55.98236,24.13138],[55.80236,24.27017],[55.88516,24.92012],[56.39636,24.92519],[56.84637,24.2414],[57.40437,23.87919],[58.13518,23.74717],[58.72919,23.56607],[59.17919,22.99229],[59.44919,22.66055],[59.8092,22.53361],[59.8056,22.31019],[59.44199,21.71441],[59.28359,21.43345],[58.86239,21.11355],[58.48798,20.42976],[58.03438,20.48223],[57.82558,20.24358],[57.66718,19.73581],[57.78958,19.06725],[57.69598,18.94538],[57.23517,18.94877],[56.60877,18.57471],[56.51157,18.08726],[56.28476,17.87569],[55.66196,17.88415],[55.26955,17.63196],[55.27315,17.22913],[54.79075,16.94986],[54.23994,17.04464],[53.57034,16.70782],[53.10953,16.65028],[52.78193,17.3493],[52.00072,18.99955],[54.99955,19.99985],[55.66556,22.00045],[55.20835,22.70794]]],[[[56.25956,25.71393],[56.07236,26.05582],[56.36036,26.39603],[56.48636,26.30971],[56.39276,25.89672],[56.25956,25.71393]]]]}},{"type":"Feature","id":"548","properties":{"name":"Vanuatu"},"geometry":{"type":"MultiPolygon","coordinates":[[[[167.21627,-15.89255],[167.84628,-16.46633],[167.51508,-16.59835],[167.18027,-16.15997],[167.21627,-15.89255]]],[[[166.79147,-15.66913],[166.65107,-15.39324],[166.62947,-14.62652],[167.10827,-14.93456],[167.27027,-15.74022],[167.00027,-15.61497],[166.79147,-15.66913]]]]}},{"type":"Feature","id":"116","properties":{"name":"Cambodia"},"geometry":{"type":"Polygon","coordinates":[[[102.58483,12.187],[102.34722,13.39379],[102.98803,14.22653],[104.28044,14.4161],[105.22005,14.27392],[106.04446,13.88125],[106.49806,14.57012],[107.38367,14.20284],[107.61408,13.53597],[107.49167,12.33764],[105.81046,11.56752],[106.24966,10.96159],[105.19845,10.88881],[104.33444,10.48598],[103.49563,10.63323],[103.09243,11.15285],[102.58483,12.187]]]}},{"type":"Feature","id":"764","properties":{"name":"Thailand"},"geometry":{"type":"Polygon","coordinates":[[[105.22005,14.27392],[104.28044,14.4161],[102.98803,14.22653],[102.34722,13.39379],[102.58483,12.187],[101.68842,12.64568],[100.83161,12.62706],[100.97921,13.41241],[100.0972,13.40733],[100.018,12.30717],[99.47799,10.84649],[99.15399,9.96298],[99.22239,9.23856],[99.874,9.2081],[100.2808,8.29581],[100.4608,7.42922],[101.01881,6.85713],[101.62362,6.74034],[102.14202,6.22242],[101.81442,5.81113],[101.15561,5.69096],[101.07641,6.2055],[100.2592,6.64218],[100.0864,6.46446],[99.6904,6.84867],[99.5212,7.3429],[98.98839,7.90821],[98.50239,8.38213],[98.34038,7.79481],[98.14958,8.34997],[98.25758,8.97452],[98.55279,9.93251],[99.03879,10.95989],[99.586,11.89249],[99.19719,12.80478],[99.21159,13.26854],[99.09639,13.82709],[98.43038,14.62259],[98.19278,15.12359],[98.53839,15.30808],[98.90199,16.17805],[98.49518,16.83815],[97.85798,17.56764],[97.37557,18.44608],[97.79678,18.62718],[98.25398,19.70873],[98.95959,19.75274],[99.5428,20.18603],[100.1152,20.41791],[100.54721,20.10987],[100.60481,19.50901],[101.28161,19.46331],[101.03681,18.40884],[101.05841,17.51179],[102.11322,18.10926],[102.41202,17.93323],[102.99883,17.96201],[103.20043,18.30898],[103.95644,18.24128],[104.71605,17.42885],[104.78085,16.44209],[105.58726,15.57042],[105.54406,14.72414],[105.22005,14.27392]]]}},{"type":"Feature","id":"418","properties":{"name":"Laos"},"geometry":{"type":"Polygon","coordinates":[[[107.38367,14.20284],[106.49806,14.57012],[106.04446,13.88125],[105.22005,14.27392],[105.54406,14.72414],[105.58726,15.57042],[104.78085,16.44209],[104.71605,17.42885],[103.95644,18.24128],[103.20043,18.30898],[102.99883,17.96201],[102.41202,17.93323],[102.11322,18.10926],[101.05841,17.51179],[101.03681,18.40884],[101.28161,19.46331],[100.60481,19.50901],[100.54721,20.10987],[100.1152,20.41791],[100.3276,20.78689],[101.18081,21.43683],[101.27081,21.20157],[101.80362,21.17448],[101.65242,22.31865],[102.17082,22.46421],[102.75403,21.67548],[103.20403,20.76658],[104.43524,20.75812],[104.82405,19.88645],[104.18324,19.6241],[103.89524,19.26528],[105.09405,18.66781],[105.92566,17.48471],[106.55567,16.60458],[107.31167,15.90893],[107.56368,15.20145],[107.38367,14.20284]]]}},{"type":"Feature","id":"104","properties":{"name":"Myanmar"},"geometry":{"type":"Polygon","coordinates":[[[100.1152,20.41791],[99.5428,20.18603],[98.95959,19.75274],[98.25398,19.70873],[97.79678,18.62718],[97.37557,18.44608],[97.85798,17.56764],[98.49518,16.83815],[98.90199,16.17805],[98.53839,15.30808],[98.19278,15.12359],[98.43038,14.62259],[99.09639,13.82709],[99.21159,13.26854],[99.19719,12.80478],[99.586,11.89249],[99.03879,10.95989],[98.55279,9.93251],[98.45558,10.67554],[98.76519,11.44058],[98.42678,12.03298],[98.50959,13.12298],[98.10278,13.64091],[97.77878,14.83755],[97.59878,16.10019],[97.16317,16.92955],[96.50437,16.42686],[95.37035,15.71429],[94.80875,15.804],[94.18954,16.03757],[94.53515,17.27652],[94.32634,18.2142],[93.54154,19.36683],[93.66394,19.72735],[93.07713,19.85598],[92.36792,20.6701],[92.30312,21.47576],[92.65233,21.32343],[92.67393,22.04107],[93.16713,22.27803],[93.05913,22.70286],[93.28593,23.04307],[93.32553,24.07892],[94.10674,23.85042],[94.55315,24.6747],[94.60355,25.16215],[95.15435,26.00166],[95.12555,26.57375],[96.41796,27.26431],[97.13437,27.08321],[97.05157,27.6993],[97.40077,27.88209],[97.32877,28.26123],[97.91198,28.3357],[98.24678,27.74669],[98.68239,27.50804],[98.71119,26.743],[98.67159,25.91873],[97.72478,25.08429],[97.60598,23.89781],[98.66079,24.06368],[98.89839,23.14293],[99.532,22.94829],[99.24039,22.11893],[99.982,21.74318],[100.4176,21.5587],[101.14841,21.84982],[101.18081,21.43683],[100.3276,20.78689],[100.1152,20.41791]]]}},{"type":"Feature","id":"704","properties":{"name":"Vietnam"},"geometry":{"type":"Polygon","coordinates":[[[104.33444,10.48598],[105.19845,10.88881],[106.24966,10.96159],[105.81046,11.56752],[107.49167,12.33764],[107.61408,13.53597],[107.38367,14.20284],[107.56368,15.20145],[107.31167,15.90893],[106.55567,16.60458],[105.92566,17.48471],[105.09405,18.66781],[103.89524,19.26528],[104.18324,19.6241],[104.82405,19.88645],[104.43524,20.75812],[103.20403,20.76658],[102.75403,21.67548],[102.17082,22.46421],[102.70723,22.70964],[103.50284,22.70456],[104.47844,22.81965],[105.32805,23.35281],[105.81046,22.97706],[106.72487,22.79426],[106.56647,22.21879],[107.04167,21.81258],[108.04968,21.55193],[106.71407,20.69718],[105.88246,19.75274],[105.66286,19.05879],[106.42606,18.00432],[107.36207,16.69767],[108.26928,16.07988],[108.87769,15.27592],[109.33489,13.42595],[109.20169,11.66738],[108.36648,11.00898],[107.22167,10.36411],[106.40446,9.53137],[105.15885,8.60047],[104.79525,9.24025],[105.07605,9.91897],[104.33444,10.48598]]]}},{"type":"Feature","id":"408","properties":{"name":"North Korea"},"geometry":{"type":"MultiPolygon","coordinates":[[[[130.78031,42.21976],[130.78031,42.21976],[130.78031,42.21976],[130.78031,42.21976]]],[[[130.63991,42.39578],[130.78031,42.21976],[130.3987,42.28069],[129.9667,41.94218],[129.6679,41.60028],[129.7039,40.88264],[129.18909,40.6626],[129.00909,40.48489],[128.63469,40.19038],[127.96868,40.0262],[127.53308,39.75709],[127.50068,39.32379],[127.38547,39.21377],[127.78508,39.05129],[128.35028,38.61292],[128.20628,38.37088],[127.78148,38.30487],[127.07227,38.25579],[126.68347,37.80557],[126.23706,37.84111],[126.17586,37.74971],[125.68986,37.93928],[125.56746,37.7514],[125.27585,37.66847],[125.23985,37.85803],[124.98065,37.94943],[124.71065,38.10853],[124.98425,38.5486],[125.22185,38.66539],[125.13185,38.84818],[125.38745,39.38811],[125.32265,39.55059],[124.73585,39.66061],[124.26424,39.92803],[125.08145,40.56951],[126.18306,41.10775],[126.87067,41.81693],[127.34227,41.50381],[128.20988,41.46657],[128.05148,41.99465],[129.5959,42.42456],[129.9955,42.98479],[130.63991,42.39578]]]]}},{"type":"Feature","id":"410","properties":{"name":"South Korea"},"geometry":{"type":"Polygon","coordinates":[[[126.17586,37.74971],[126.23706,37.84111],[126.68347,37.80557],[127.07227,38.25579],[127.78148,38.30487],[128.20628,38.37088],[128.35028,38.61292],[129.21429,37.4332],[129.45909,36.78495],[129.46989,35.63232],[129.09189,35.08224],[128.18468,34.89098],[127.38547,34.4763],[126.48546,34.38998],[126.37386,34.93499],[126.55747,35.68479],[126.11826,36.72571],[126.85987,36.89328],[126.17586,37.74971]]]}},{"type":"Feature","id":"496","properties":{"name":"Mongolia"},"geometry":{"type":"Polygon","coordinates":[[[87.75268,49.29804],[88.80389,49.47068],[90.71191,50.33219],[92.23472,50.80272],[93.10593,50.49468],[94.14634,50.48114],[94.81595,50.01399],[95.81316,49.97675],[97.26037,49.72626],[98.23238,50.4219],[97.82558,51.01091],[98.86239,52.04675],[99.982,51.63377],[100.88921,51.51698],[102.06642,51.25971],[102.25722,50.50991],[103.67564,50.09016],[104.62245,50.27464],[105.88606,50.40666],[106.89047,50.27464],[107.86968,49.79396],[108.47448,49.28281],[109.40329,49.29296],[110.66331,49.13047],[111.58132,49.37759],[112.89893,49.54346],[114.36414,50.24756],[114.96175,50.14093],[115.48735,49.80581],[116.67897,49.88874],[116.19296,49.13386],[115.48375,48.13525],[115.74296,47.72734],[116.30816,47.85259],[117.29457,47.69688],[118.06498,48.06755],[118.86779,47.74765],[119.7714,47.04863],[119.6634,46.69319],[118.87499,46.8049],[117.42057,46.67288],[116.71857,46.38853],[115.98416,45.72674],[114.46134,45.33914],[113.46413,44.80937],[112.43452,45.01248],[111.87292,45.10219],[111.34731,44.45732],[111.66772,44.07311],[111.82972,43.74306],[111.13131,43.40624],[110.4113,42.87139],[109.24489,42.51934],[107.74368,42.4821],[106.13086,42.13513],[104.96445,41.5969],[104.52165,41.90833],[103.31203,41.90663],[101.83242,42.51426],[100.84601,42.66321],[99.5176,42.52442],[97.45117,42.74953],[96.34956,42.72583],[95.76276,43.31992],[95.30555,44.24067],[94.68995,44.35238],[93.48033,44.97524],[92.13392,45.11573],[90.94591,45.28667],[90.58591,45.71997],[90.97111,46.88783],[90.2799,47.69349],[88.85429,48.06924],[88.01548,48.59901],[87.75268,49.29804]]]}},{"type":"Feature","id":"356","properties":{"name":"India"},"geometry":{"type":"Polygon","coordinates":[[[97.32877,28.26123],[97.40077,27.88209],[97.05157,27.6993],[97.13437,27.08321],[96.41796,27.26431],[95.12555,26.57375],[95.15435,26.00166],[94.60355,25.16215],[94.55315,24.6747],[94.10674,23.85042],[93.32553,24.07892],[93.28593,23.04307],[93.05913,22.70286],[93.16713,22.27803],[92.67393,22.04107],[92.14472,23.627],[91.87112,23.62362],[91.70552,22.98552],[91.15831,23.50345],[91.46791,24.07214],[91.91432,24.12969],[92.37512,24.97597],[91.79912,25.14692],[90.87391,25.13338],[89.9199,25.27048],[89.8335,25.96443],[89.35469,26.0152],[88.56269,26.4468],[88.20988,25.76809],[88.92989,25.23832],[88.30708,24.86595],[88.08388,24.50205],[88.69949,24.23294],[88.53029,23.63039],[88.87589,22.87889],[89.03069,22.05631],[88.89029,21.69071],[88.20988,21.70256],[86.97507,21.49607],[87.03267,20.74288],[86.49986,20.15218],[85.05985,19.47854],[83.94024,18.30221],[83.18783,17.67089],[82.19422,17.01587],[82.19062,16.55718],[81.69382,16.31007],[80.79021,15.95125],[80.3258,15.89878],[80.0234,15.13713],[80.2322,13.83555],[80.2862,13.0062],[79.8614,12.05667],[79.8578,10.35734],[79.33939,10.30826],[78.88579,9.54661],[79.18819,9.21656],[78.27738,8.93221],[77.94258,8.25349],[77.53938,7.96576],[76.59257,8.90005],[76.13176,10.2998],[75.74656,11.30856],[75.39735,11.78078],[74.86455,12.74216],[74.61615,13.99296],[74.44334,14.61751],[73.53254,15.99018],[73.11853,17.92816],[72.81973,19.20773],[72.82333,20.4196],[72.62893,21.35559],[71.17451,20.75812],[70.4689,20.87659],[69.16569,22.08847],[69.6445,22.45067],[69.34929,22.84335],[68.17568,23.69132],[68.84169,24.35988],[71.04491,24.35649],[70.84331,25.21462],[70.2817,25.72239],[70.1701,26.4925],[69.5149,26.94103],[70.61651,27.98873],[71.77932,27.91256],[72.82333,28.96195],[73.44973,29.97579],[74.42174,30.97948],[74.40734,31.69204],[75.25695,32.2709],[74.45054,32.76513],[74.10494,33.44215],[73.74854,34.3172],[74.24174,34.7488],[75.75736,34.50508],[76.87337,34.65402],[77.83818,35.49353],[78.91099,34.32228],[78.81019,33.50647],[79.20979,32.99362],[79.17739,32.48416],[78.45738,32.61787],[78.73819,31.51602],[79.721,30.883],[81.11061,30.18397],[80.477,29.73037],[80.0882,28.79438],[81.05661,28.41525],[81.99982,27.9261],[83.30303,27.36417],[84.67465,27.23554],[85.25065,26.72608],[86.02466,26.63129],[87.22707,26.39772],[88.05868,26.41465],[88.17388,26.8107],[88.04428,27.44541],[88.11988,27.87702],[88.73189,28.08689],[88.81469,27.29985],[88.83629,27.09844],[89.7435,26.71931],[90.3735,26.87502],[91.21591,26.80901],[92.03312,26.83779],[92.10512,27.45218],[91.69832,27.77208],[92.50473,27.89733],[93.41193,28.64036],[94.56755,29.27676],[95.40635,29.03134],[96.11916,29.45279],[96.58717,28.83162],[96.24876,28.41187],[97.32877,28.26123]]]}},{"type":"Feature","id":"050","properties":{"name":"Bangladesh"},"geometry":{"type":"Polygon","coordinates":[[[92.67393,22.04107],[92.65233,21.32343],[92.30312,21.47576],[92.36792,20.6701],[92.08352,21.19141],[92.02592,21.70087],[91.83512,22.18325],[91.41751,22.76549],[90.4959,22.80442],[90.58591,22.39313],[90.2727,21.83627],[89.8479,22.03938],[89.7003,21.85659],[89.41949,21.9666],[89.03069,22.05631],[88.87589,22.87889],[88.53029,23.63039],[88.69949,24.23294],[88.08388,24.50205],[88.30708,24.86595],[88.92989,25.23832],[88.20988,25.76809],[88.56269,26.4468],[89.35469,26.0152],[89.8335,25.96443],[89.9199,25.27048],[90.87391,25.13338],[91.79912,25.14692],[92.37512,24.97597],[91.91432,24.12969],[91.46791,24.07214],[91.15831,23.50345],[91.70552,22.98552],[91.87112,23.62362],[92.14472,23.627],[92.67393,22.04107]]]}},{"type":"Feature","id":"064","properties":{"name":"Bhutan"},"geometry":{"type":"Polygon","coordinates":[[[91.69832,27.77208],[92.10512,27.45218],[92.03312,26.83779],[91.21591,26.80901],[90.3735,26.87502],[89.7435,26.71931],[88.83629,27.09844],[88.81469,27.29985],[89.47709,28.04289],[90.0171,28.29677],[90.72991,28.06489],[91.25911,28.04119],[91.69832,27.77208]]]}},{"type":"Feature","id":"524","properties":{"name":"Nepal"},"geometry":{"type":"Polygon","coordinates":[[[88.11988,27.87702],[88.04428,27.44541],[88.17388,26.8107],[88.05868,26.41465],[87.22707,26.39772],[86.02466,26.63129],[85.25065,26.72608],[84.67465,27.23554],[83.30303,27.36417],[81.99982,27.9261],[81.05661,28.41525],[80.0882,28.79438],[80.477,29.73037],[81.11061,30.18397],[81.52462,30.42262],[82.32742,30.11458],[83.33543,29.46294],[83.90064,29.32077],[84.23544,28.84008],[85.01305,28.64205],[85.82306,28.20368],[86.95347,27.97349],[88.11988,27.87702]]]}},{"type":"Feature","id":"586","properties":{"name":"Pakistan"},"geometry":{"type":"Polygon","coordinates":[[[77.83818,35.49353],[76.87337,34.65402],[75.75736,34.50508],[74.24174,34.7488],[73.74854,34.3172],[74.10494,33.44215],[74.45054,32.76513],[75.25695,32.2709],[74.40734,31.69204],[74.42174,30.97948],[73.44973,29.97579],[72.82333,28.96195],[71.77932,27.91256],[70.61651,27.98873],[69.5149,26.94103],[70.1701,26.4925],[70.2817,25.72239],[70.84331,25.21462],[71.04491,24.35649],[68.84169,24.35988],[68.17568,23.69132],[67.44487,23.9452],[67.14607,24.66285],[66.37206,25.4245],[64.52885,25.23663],[62.90523,25.21801],[61.49761,25.07752],[61.87562,26.24031],[63.31563,26.75654],[63.23283,27.21692],[62.75403,27.3794],[62.72883,28.25953],[61.77122,28.6996],[61.36801,29.30384],[60.87481,29.82854],[62.54883,29.31908],[63.54964,29.46802],[64.14724,29.34108],[64.34884,29.55942],[65.04725,29.47141],[66.34686,29.88778],[66.38286,30.73913],[66.93727,31.30445],[67.68248,31.30276],[67.79408,31.58372],[68.55729,31.71405],[68.92809,31.62096],[69.31689,31.90192],[69.26289,32.50278],[69.6877,33.10533],[70.3249,33.35921],[69.9289,34.01931],[70.88291,33.98885],[71.15651,34.34936],[71.11331,34.73357],[71.61372,35.15333],[71.49851,35.65094],[71.26091,36.07408],[71.84772,36.51076],[72.92053,36.72064],[74.06894,36.83573],[74.57655,37.02022],[75.15975,37.13362],[75.89776,36.66647],[76.19296,35.89805],[77.83818,35.49353]]]}},{"type":"Feature","id":"004","properties":{"name":"Afghanistan"},"geometry":{"type":"Polygon","coordinates":[[[66.51967,37.36211],[67.07407,37.35534],[67.83008,37.14547],[68.13608,37.0236],[68.85969,37.3435],[69.19449,37.15055],[69.5185,37.60923],[70.1161,37.58892],[70.2709,37.73448],[70.3753,38.139],[70.80731,38.48597],[71.34731,38.25917],[71.23931,37.95282],[71.54172,37.90543],[71.44811,37.06592],[71.84412,36.73756],[72.19332,36.94913],[72.63613,37.0473],[73.25893,37.49583],[73.95014,37.42135],[74.97975,37.41966],[75.15975,37.13362],[74.57655,37.02022],[74.06894,36.83573],[72.92053,36.72064],[71.84772,36.51076],[71.26091,36.07408],[71.49851,35.65094],[71.61372,35.15333],[71.11331,34.73357],[71.15651,34.34936],[70.88291,33.98885],[69.9289,34.01931],[70.3249,33.35921],[69.6877,33.10533],[69.26289,32.50278],[69.31689,31.90192],[68.92809,31.62096],[68.55729,31.71405],[67.79408,31.58372],[67.68248,31.30276],[66.93727,31.30445],[66.38286,30.73913],[66.34686,29.88778],[65.04725,29.47141],[64.34884,29.55942],[64.14724,29.34108],[63.54964,29.46802],[62.54883,29.31908],[60.87481,29.82854],[61.78202,30.73575],[61.69922,31.37892],[60.94321,31.54818],[60.86401,32.18289],[60.53641,32.98177],[60.96481,33.52847],[60.52921,33.67572],[60.80281,34.40352],[61.20961,35.64925],[62.23202,35.27011],[62.98443,35.40382],[63.19323,35.85743],[63.98164,36.00807],[64.54685,36.31273],[64.74485,37.11162],[65.58726,37.30457],[65.74566,37.6617],[66.21726,37.39427],[66.51967,37.36211]]]}},{"type":"Feature","id":"762","properties":{"name":"Tajikistan"},"geometry":{"type":"Polygon","coordinates":[[[67.83008,37.14547],[68.39168,38.15762],[68.17568,38.90234],[67.44127,39.1393],[67.70048,39.58106],[68.53569,39.53367],[69.01089,40.08544],[69.33129,40.72861],[70.66691,40.96049],[70.4581,40.49673],[70.60211,40.21915],[71.01251,40.24454],[70.64891,39.9365],[69.5581,40.10237],[69.46449,39.5269],[70.54811,39.60476],[71.78292,39.27978],[73.67654,39.43042],[73.92854,38.50628],[74.25614,38.60615],[74.86455,38.37934],[74.82855,37.99005],[74.97975,37.41966],[73.95014,37.42135],[73.25893,37.49583],[72.63613,37.0473],[72.19332,36.94913],[71.84412,36.73756],[71.44811,37.06592],[71.54172,37.90543],[71.23931,37.95282],[71.34731,38.25917],[70.80731,38.48597],[70.3753,38.139],[70.2709,37.73448],[70.1161,37.58892],[69.5185,37.60923],[69.19449,37.15055],[68.85969,37.3435],[68.13608,37.0236],[67.83008,37.14547]]]}},{"type":"Feature","id":"417","properties":{"name":"Kyrgyzstan"},"geometry":{"type":"Polygon","coordinates":[[[70.96211,42.26546],[71.18531,42.70383],[71.84412,42.846],[73.48933,42.50072],[73.64414,43.09143],[74.21294,43.29792],[75.63856,42.87816],[75.99856,42.98818],[77.65818,42.9611],[79.14139,42.85616],[79.6454,42.49734],[80.261,42.35009],[80.1206,42.12328],[78.54379,41.58166],[78.18738,41.1856],[76.90577,41.06713],[76.52777,40.42734],[75.46935,40.56274],[74.77815,40.36641],[73.82054,39.89418],[73.96094,39.66061],[73.67654,39.43042],[71.78292,39.27978],[70.54811,39.60476],[69.46449,39.5269],[69.5581,40.10237],[70.64891,39.9365],[71.01251,40.24454],[71.77572,40.14637],[73.05373,40.86571],[71.86932,41.3921],[71.15651,41.14329],[70.4185,41.52073],[71.26091,42.16729],[70.96211,42.26546]]]}},{"type":"Feature","id":"795","properties":{"name":"Turkmenistan"},"geometry":{"type":"Polygon","coordinates":[[[52.50113,41.78308],[52.94393,42.11651],[54.07794,42.3247],[54.75475,42.04373],[55.45675,41.26008],[55.96796,41.30916],[57.09477,41.3227],[56.93277,41.82539],[57.78598,42.17067],[58.62839,42.75122],[59.9748,42.22314],[60.0828,41.42595],[60.4644,41.22115],[61.54802,41.26685],[61.88282,41.08405],[62.37602,40.05328],[63.51724,39.36272],[64.16884,38.89219],[65.21645,38.40304],[66.54487,37.97482],[66.51967,37.36211],[66.21726,37.39427],[65.74566,37.6617],[65.58726,37.30457],[64.74485,37.11162],[64.54685,36.31273],[63.98164,36.00807],[63.19323,35.85743],[62.98443,35.40382],[62.23202,35.27011],[61.20961,35.64925],[61.12321,36.49214],[60.378,36.52768],[59.23319,37.41289],[58.43758,37.52291],[57.32877,38.02898],[56.61957,38.12207],[56.18036,37.93589],[55.51076,37.96467],[54.80155,37.39258],[53.92314,37.19963],[53.73594,37.90543],[53.87994,38.95143],[53.10233,39.28994],[53.35793,39.97543],[52.69553,40.03297],[52.91513,40.87587],[53.85834,40.63045],[54.73675,40.95034],[54.00954,41.5512],[53.72154,42.12328],[52.91513,41.86771],[52.81433,41.13483],[52.50113,41.78308]]]}},{"type":"Feature","id":"364","properties":{"name":"Iran"},"geometry":{"type":"Polygon","coordinates":[[[48.56629,29.92671],[48.01548,30.45309],[48.00468,30.98455],[47.68428,30.98455],[47.84988,31.70897],[47.33507,32.46893],[46.11106,33.01732],[45.41625,33.96853],[45.65026,34.7488],[46.15066,35.09409],[46.07506,35.67802],[45.41985,35.9776],[44.77185,37.17086],[44.22464,37.97144],[44.42264,38.28117],[44.10944,39.42873],[44.79345,39.71308],[44.95185,39.33564],[45.45945,38.87357],[46.14346,38.74155],[46.50707,38.77032],[47.68428,39.50828],[48.05868,39.58275],[48.35388,39.28825],[48.01188,38.79402],[48.63469,38.27102],[48.88309,38.3201],[49.19989,37.58215],[50.1467,37.37396],[50.84151,36.87297],[52.26352,36.70032],[53.82594,36.96436],[53.92314,37.19963],[54.80155,37.39258],[55.51076,37.96467],[56.18036,37.93589],[56.61957,38.12207],[57.32877,38.02898],[58.43758,37.52291],[59.23319,37.41289],[60.378,36.52768],[61.12321,36.49214],[61.20961,35.64925],[60.80281,34.40352],[60.52921,33.67572],[60.96481,33.52847],[60.53641,32.98177],[60.86401,32.18289],[60.94321,31.54818],[61.69922,31.37892],[61.78202,30.73575],[60.87481,29.82854],[61.36801,29.30384],[61.77122,28.6996],[62.72883,28.25953],[62.75403,27.3794],[63.23283,27.21692],[63.31563,26.75654],[61.87562,26.24031],[61.49761,25.07752],[59.6148,25.38049],[58.52399,25.61068],[57.39717,25.73932],[56.97237,26.96642],[56.49356,27.14414],[55.72316,26.96473],[54.71515,26.48066],[53.49473,26.8124],[52.48312,27.58082],[51.52192,27.86517],[50.85231,28.81469],[50.1143,30.14843],[49.5779,29.98594],[48.94069,30.31769],[48.56629,29.92671]]]}},{"type":"Feature","id":"760","properties":{"name":"Syria"},"geometry":{"type":"Polygon","coordinates":[[[35.72136,32.70927],[35.69976,32.71604],[35.83656,32.86837],[35.82216,33.27797],[36.06696,33.82467],[36.61057,34.20211],[36.44856,34.59309],[35.99856,34.64556],[35.90496,35.41059],[36.14976,35.82189],[36.41616,36.04023],[36.68617,36.26026],[36.74017,36.81711],[37.06777,36.62247],[38.16938,36.90174],[38.69859,36.71217],[39.523,36.71556],[40.67501,37.09131],[41.21141,37.07438],[42.34902,37.2301],[41.83782,36.60554],[41.29061,36.35843],[41.38421,35.62893],[41.00621,34.41876],[38.79219,33.37952],[36.83377,32.31321],[35.72136,32.70927]]]}},{"type":"Feature","id":"051","properties":{"name":"Armenia"},"geometry":{"type":"Polygon","coordinates":[[[46.50707,38.77032],[46.14346,38.74155],[45.73666,39.32041],[45.74026,39.47443],[45.29745,39.47104],[45.00225,39.74016],[44.79345,39.71308],[44.40104,40.0042],[43.65584,40.25301],[43.75304,40.74046],[43.58384,41.09251],[44.97345,41.24823],[45.17865,40.98588],[45.56026,40.81155],[45.35865,40.56105],[45.89146,40.21915],[45.61066,39.89926],[46.03546,39.62845],[46.48186,39.46427],[46.50707,38.77032]]]}},{"type":"Feature","id":"752","properties":{"name":"Sweden"},"geometry":{"type":"Polygon","coordinates":[[[11.02871,58.85592],[11.46791,59.43308],[12.29952,60.11857],[12.63073,61.2932],[11.99352,61.80097],[11.93232,63.12793],[12.58033,64.06561],[13.57034,64.04869],[13.91954,64.44475],[13.55594,64.78664],[15.10755,66.19316],[16.10836,67.30178],[16.76717,68.01435],[17.72838,68.01097],[17.99478,68.56782],[19.8776,68.40702],[20.0252,69.06543],[20.64441,69.10605],[21.98002,68.6169],[23.53884,67.93649],[23.56764,66.39627],[23.90244,66.00698],[22.18162,65.72432],[21.21321,65.02529],[21.36801,64.41428],[19.7804,63.61031],[17.84718,62.7488],[17.11997,61.34059],[17.83278,60.63649],[18.78679,60.08133],[17.86878,58.95409],[16.82837,58.72051],[16.44676,57.04149],[15.88156,56.10382],[14.66835,56.20029],[14.09954,55.40817],[12.94393,55.36248],[12.62353,56.30692],[11.78832,57.44263],[11.02871,58.85592]]]}},{"type":"Feature","id":"112","properties":{"name":"Belarus"},"geometry":{"type":"Polygon","coordinates":[[[28.17568,56.16983],[29.23049,55.91763],[29.37089,55.67052],[29.8965,55.789],[30.87571,55.55035],[30.97291,55.08151],[30.75691,54.81239],[31.38331,54.15737],[31.79012,53.97458],[31.73252,53.79347],[32.40572,53.61745],[32.69373,53.35172],[32.30492,53.13338],[31.49851,53.16723],[31.30411,53.07414],[31.54172,52.7424],[31.78652,52.10092],[30.92611,52.04168],[30.62011,51.82334],[30.55531,51.31895],[30.1557,51.41543],[29.25569,51.36804],[28.99289,51.60161],[28.61849,51.42728],[28.24048,51.57284],[27.45567,51.59315],[26.33966,51.8318],[25.32805,51.91135],[24.55405,51.88765],[24.00684,51.61684],[23.52804,51.57791],[23.50644,52.02306],[23.20043,52.48682],[23.79804,52.69162],[23.80524,53.08937],[23.52804,53.4702],[23.48483,53.91195],[24.44964,53.90518],[25.53686,54.28262],[25.76726,54.84625],[26.58807,55.16783],[26.49446,55.61467],[27.10287,55.78392],[28.17568,56.16983]]]}},{"type":"Feature","id":"804","properties":{"name":"Ukraine"},"geometry":{"type":"Polygon","coordinates":[[[31.78652,52.10092],[32.16092,52.06199],[32.41292,52.28879],[32.71533,52.23801],[33.75214,52.33449],[34.39294,51.76917],[34.14094,51.56607],[34.22374,51.25633],[35.02295,51.20724],[35.37935,50.77395],[35.35775,50.57761],[36.62497,50.22556],[37.39177,50.38466],[38.01098,49.91582],[38.59419,49.92598],[40.0702,49.60101],[40.081,49.30819],[39.6742,48.7835],[39.8974,48.23173],[39.739,47.89829],[38.77059,47.82551],[38.25578,47.54624],[38.22338,47.10279],[37.42417,47.02155],[36.75817,46.69827],[35.82216,46.6458],[34.96175,46.27344],[35.01215,45.73689],[34.86095,45.76736],[34.73135,45.96539],[34.41094,46.00432],[33.69814,46.21927],[33.43533,45.97216],[33.29853,46.08048],[31.74332,46.33268],[31.67492,46.70673],[30.74971,46.58317],[30.3789,46.03309],[29.6049,45.29344],[29.15129,45.46439],[28.67969,45.3036],[28.23328,45.48809],[28.48528,45.59641],[28.66169,45.94],[28.93529,46.2582],[28.86329,46.43761],[29.07209,46.51716],[29.16929,46.38007],[29.7597,46.3496],[30.0261,46.42407],[29.8389,46.52563],[29.9073,46.67457],[29.5581,46.92846],[29.41409,47.34652],[29.05049,47.5107],[29.12249,47.84921],[28.67249,48.11832],[28.25848,48.15556],[27.52408,48.46699],[26.85807,48.36882],[26.62047,48.22157],[26.19566,48.22157],[25.94726,47.98631],[25.20925,47.89152],[24.86725,47.7375],[24.40284,47.98123],[23.76204,47.98631],[23.14283,48.09632],[22.71083,47.88137],[22.64243,48.15048],[22.08442,48.42299],[22.28242,48.82581],[22.55963,49.08647],[22.77563,49.02723],[22.52003,49.47745],[23.42723,50.3085],[23.92404,50.42528],[24.02844,50.70625],[23.52804,51.57791],[24.00684,51.61684],[24.55405,51.88765],[25.32805,51.91135],[26.33966,51.8318],[27.45567,51.59315],[28.24048,51.57284],[28.61849,51.42728],[28.99289,51.60161],[29.25569,51.36804],[30.1557,51.41543],[30.55531,51.31895],[30.62011,51.82334],[30.92611,52.04168],[31.78652,52.10092]]]}},{"type":"Feature","id":"616","properties":{"name":"Poland"},"geometry":{"type":"Polygon","coordinates":[[[23.48483,53.91195],[23.52804,53.4702],[23.80524,53.08937],[23.79804,52.69162],[23.20043,52.48682],[23.50644,52.02306],[23.52804,51.57791],[24.02844,50.70625],[23.92404,50.42528],[23.42723,50.3085],[22.52003,49.47745],[22.77563,49.02723],[22.55963,49.08647],[21.60922,49.47068],[20.88921,49.3285],[20.4176,49.43175],[19.8236,49.2168],[19.31959,49.57223],[18.90919,49.43514],[18.85159,49.49607],[18.39438,49.9886],[17.64918,50.04953],[17.55558,50.36266],[16.86797,50.47437],[16.72037,50.21541],[16.17676,50.4219],[16.23796,50.69778],[15.49275,50.7841],[15.01755,51.10738],[14.60715,51.74548],[14.68635,52.09076],[14.43794,52.62561],[14.07434,52.98105],[14.35154,53.24847],[14.12114,53.75624],[14.80155,54.05074],[16.36396,54.51281],[17.62398,54.85132],[18.62119,54.68207],[18.69679,54.43834],[19.6616,54.42649],[20.89281,54.31309],[22.73243,54.32832],[23.24363,54.22],[23.48483,53.91195]]]}},{"type":"Feature","id":"040","properties":{"name":"Austria"},"geometry":{"type":"Polygon","coordinates":[[[16.97957,48.1234],[16.90397,47.7155],[16.34236,47.71211],[16.53317,47.49546],[16.20196,46.85229],[16.01116,46.68304],[15.13635,46.65934],[14.63235,46.43254],[13.80794,46.5087],[12.37512,46.76766],[12.15192,47.11464],[11.16551,46.942],[11.05031,46.75074],[10.4419,46.89291],[9.9307,46.91999],[9.48069,47.10279],[9.6319,47.34821],[9.5959,47.52424],[9.8947,47.58009],[10.4023,47.30251],[10.54271,47.56655],[11.42471,47.52424],[12.14112,47.70365],[12.61993,47.67318],[12.93313,47.46838],[13.02673,47.63764],[12.88273,48.28927],[13.24273,48.41622],[13.59554,48.87659],[14.33714,48.55501],[14.90235,48.9646],[15.25515,49.03908],[16.02916,48.73442],[16.50077,48.78519],[16.96157,48.59732],[16.87877,48.47038],[16.97957,48.1234]]]}},{"type":"Feature","id":"348","properties":{"name":"Hungary"},"geometry":{"type":"Polygon","coordinates":[[[22.08442,48.42299],[22.64243,48.15048],[22.71083,47.88137],[22.09882,47.67318],[21.62722,46.99447],[21.02241,46.31575],[20.2196,46.12788],[19.5968,46.17188],[18.82999,45.90954],[18.45558,45.7589],[17.63118,45.95185],[16.88237,46.38007],[16.56557,46.50362],[16.37116,46.84214],[16.20196,46.85229],[16.53317,47.49546],[16.34236,47.71211],[16.90397,47.7155],[16.97957,48.1234],[17.48717,47.86783],[17.85798,47.75781],[18.69679,47.88137],[18.77599,48.08109],[19.17559,48.11155],[19.6616,48.26727],[19.7696,48.20295],[20.2376,48.3282],[20.4752,48.56347],[20.80281,48.6244],[21.87202,48.31974],[22.08442,48.42299]]]}},{"type":"Feature","id":"498","properties":{"name":"Moldova"},"geometry":{"type":"Polygon","coordinates":[[[26.62047,48.22157],[26.85807,48.36882],[27.52408,48.46699],[28.25848,48.15556],[28.67249,48.11832],[29.12249,47.84921],[29.05049,47.5107],[29.41409,47.34652],[29.5581,46.92846],[29.9073,46.67457],[29.8389,46.52563],[30.0261,46.42407],[29.7597,46.3496],[29.16929,46.38007],[29.07209,46.51716],[28.86329,46.43761],[28.93529,46.2582],[28.66169,45.94],[28.48528,45.59641],[28.23328,45.48809],[28.05328,45.94508],[28.16128,46.3716],[28.12888,46.80998],[27.55288,47.40576],[27.23247,47.8272],[26.92287,48.1234],[26.62047,48.22157]]]}},{"type":"Feature","id":"642","properties":{"name":"Romania"},"geometry":{"type":"Polygon","coordinates":[[[28.23328,45.48809],[28.67969,45.3036],[29.15129,45.46439],[29.6049,45.29344],[29.6265,45.03618],[29.14049,44.81953],[28.83809,44.91431],[28.55729,43.70752],[27.97048,43.81246],[27.24327,44.17636],[26.06606,43.94278],[25.56926,43.6889],[24.10044,43.74137],[23.33363,43.89708],[22.94483,43.8243],[22.65683,44.2356],[22.47322,44.40993],[22.70723,44.57749],[22.45882,44.70274],[22.14562,44.47763],[21.56242,44.76875],[21.48321,45.18174],[20.87481,45.417],[20.76321,45.7352],[20.2196,46.12788],[21.02241,46.31575],[21.62722,46.99447],[22.09882,47.67318],[22.71083,47.88137],[23.14283,48.09632],[23.76204,47.98631],[24.40284,47.98123],[24.86725,47.7375],[25.20925,47.89152],[25.94726,47.98631],[26.19566,48.22157],[26.62047,48.22157],[26.92287,48.1234],[27.23247,47.8272],[27.55288,47.40576],[28.12888,46.80998],[28.16128,46.3716],[28.05328,45.94508],[28.23328,45.48809]]]}},{"type":"Feature","id":"440","properties":{"name":"Lithuania"},"geometry":{"type":"Polygon","coordinates":[[[26.49446,55.61467],[26.58807,55.16783],[25.76726,54.84625],[25.53686,54.28262],[24.44964,53.90518],[23.48483,53.91195],[23.24363,54.22],[22.73243,54.32832],[22.64963,54.58221],[22.75763,54.8564],[22.31482,55.0155],[21.26721,55.18983],[21.05481,56.03104],[22.19962,56.33739],[23.87724,56.27307],[24.86005,56.37293],[25.00045,56.16475],[25.53326,56.10043],[26.49446,55.61467]]]}},{"type":"Feature","id":"428","properties":{"name":"Latvia"},"geometry":{"type":"Polygon","coordinates":[[[27.28647,57.47479],[27.76888,57.2446],[27.85528,56.75884],[28.17568,56.16983],[27.10287,55.78392],[26.49446,55.61467],[25.53326,56.10043],[25.00045,56.16475],[24.86005,56.37293],[23.87724,56.27307],[22.19962,56.33739],[21.05481,56.03104],[21.09081,56.78422],[21.58042,57.41216],[22.52363,57.75406],[23.31923,57.00595],[24.12204,57.02626],[24.31284,57.79299],[25.16605,57.97071],[25.60166,57.84715],[26.46206,57.47648],[27.28647,57.47479]]]}},{"type":"Feature","id":"233","properties":{"name":"Estonia"},"geometry":{"type":"Polygon","coordinates":[[[27.98128,59.47539],[28.13248,59.30106],[27.41967,58.7239],[27.71848,57.7913],[27.28647,57.47479],[26.46206,57.47648],[25.60166,57.84715],[25.16605,57.97071],[24.31284,57.79299],[24.42804,58.38369],[24.06084,58.25675],[23.42723,58.61219],[23.34083,59.18766],[24.60445,59.46524],[25.86446,59.6108],[26.94807,59.44662],[27.98128,59.47539]]]}},{"type":"Feature","id":"276","properties":{"name":"Germany"},"geometry":{"type":"Polygon","coordinates":[[[14.12114,53.75624],[14.35154,53.24847],[14.07434,52.98105],[14.43794,52.62561],[14.68635,52.09076],[14.60715,51.74548],[15.01755,51.10738],[14.57115,51.00244],[14.30834,51.11754],[14.05634,50.92628],[13.33633,50.73333],[12.96553,50.48452],[12.23832,50.26618],[12.41472,49.96829],[12.52273,49.54684],[13.03033,49.3065],[13.59554,48.87659],[13.24273,48.41622],[12.88273,48.28927],[13.02673,47.63764],[12.93313,47.46838],[12.61993,47.67318],[12.14112,47.70365],[11.42471,47.52424],[10.54271,47.56655],[10.4023,47.30251],[9.8947,47.58009],[9.5959,47.52424],[8.52309,47.83059],[8.31788,47.61394],[7.46827,47.62071],[7.59428,48.33328],[8.09828,49.01707],[6.65827,49.20156],[6.18666,49.46391],[6.24426,49.90228],[6.04266,50.12739],[6.15786,50.80442],[5.98866,51.85211],[6.58987,51.85211],[6.84187,52.22786],[7.09027,53.14353],[6.90667,53.48204],[7.10107,53.69361],[7.93628,53.74777],[8.12348,53.52774],[8.80029,54.02028],[8.57349,54.39602],[8.52669,54.96303],[9.28269,54.83101],[9.9235,54.98334],[9.9379,54.59744],[10.94951,54.36387],[10.93871,54.00843],[11.95752,54.1963],[12.51913,54.4705],[13.64594,54.07613],[14.12114,53.75624]]]}},{"type":"Feature","id":"100","properties":{"name":"Bulgaria"},"geometry":{"type":"Polygon","coordinates":[[[22.65683,44.2356],[22.94483,43.8243],[23.33363,43.89708],[24.10044,43.74137],[25.56926,43.6889],[26.06606,43.94278],[27.24327,44.17636],[27.97048,43.81246],[28.55729,43.70752],[28.03888,43.29284],[27.67528,42.57858],[27.99568,42.00819],[27.13527,42.1419],[26.11646,41.82708],[26.10566,41.32947],[25.19845,41.23469],[24.49284,41.58336],[23.69364,41.30916],[22.95203,41.33794],[22.88003,41.99973],[22.37962,42.31962],[22.54523,42.46179],[22.43722,42.58027],[22.60643,42.89847],[22.98443,43.2116],[22.49842,43.6432],[22.41202,44.00879],[22.65683,44.2356]]]}},{"type":"Feature","id":"300","properties":{"name":"Greece"},"geometry":{"type":"MultiPolygon","coordinates":[[[[26.28926,35.30058],[26.16326,35.00438],[24.72325,34.91975],[24.73405,35.08562],[23.51364,35.28027],[23.70084,35.7051],[24.24804,35.36828],[25.02565,35.42583],[25.77086,35.35474],[25.74566,35.18041],[26.28926,35.30058]]],[[[22.95203,41.33794],[23.69364,41.30916],[24.49284,41.58336],[25.19845,41.23469],[26.10566,41.32947],[26.11646,41.82708],[26.60247,41.56135],[26.29286,40.9368],[26.05526,40.8234],[25.44685,40.85217],[24.92485,40.94695],[23.71524,40.6863],[24.40644,40.12437],[23.89884,39.96189],[23.34443,39.96019],[22.81523,40.47642],[22.62803,40.25639],[22.85123,39.65892],[23.35163,39.19008],[22.97363,38.97174],[23.53164,38.50967],[24.02484,38.22024],[24.03924,37.65493],[23.11403,37.92066],[23.40923,37.40951],[22.77563,37.30457],[23.15363,36.42274],[22.49122,36.4092],[21.67042,36.84419],[21.29601,37.64477],[21.11961,38.30995],[20.73081,38.77032],[20.216,39.34072],[20.1512,39.62507],[20.61561,40.11083],[20.67321,40.4358],[21.00081,40.57967],[21.01881,40.84202],[21.67402,40.93172],[22.05562,41.15006],[22.59563,41.12975],[22.76123,41.30408],[22.95203,41.33794]]]]}},{"type":"Feature","id":"792","properties":{"name":"Turkey"},"geometry":{"type":"MultiPolygon","coordinates":[[[[44.77185,37.17086],[44.29304,37.0016],[43.94384,37.25548],[42.77743,37.38581],[42.34902,37.2301],[41.21141,37.07438],[40.67501,37.09131],[39.523,36.71556],[38.69859,36.71217],[38.16938,36.90174],[37.06777,36.62247],[36.74017,36.81711],[36.68617,36.26026],[36.41616,36.04023],[36.14976,35.82189],[35.78256,36.27549],[36.16056,36.65124],[35.55216,36.56492],[34.71335,36.79511],[34.02574,36.21964],[32.51013,36.10793],[31.70012,36.64447],[30.62011,36.67832],[30.3897,36.26364],[29.6985,36.14517],[28.73369,36.67663],[27.64288,36.65801],[27.04887,37.65324],[26.31806,38.20839],[26.80407,38.98528],[26.17046,39.46427],[27.27927,40.42057],[28.82009,40.4595],[29.24129,41.21946],[31.14571,41.08744],[32.34812,41.73569],[33.51454,42.01834],[35.16695,42.04035],[36.91297,41.33455],[38.34938,40.94865],[39.5122,41.10267],[40.3726,41.01296],[41.55342,41.53596],[42.61903,41.58336],[43.58384,41.09251],[43.75304,40.74046],[43.65584,40.25301],[44.40104,40.0042],[44.79345,39.71308],[44.10944,39.42873],[44.42264,38.28117],[44.22464,37.97144],[44.77185,37.17086]]],[[[26.11646,41.82708],[27.13527,42.1419],[27.99568,42.00819],[28.11448,41.62228],[28.98929,41.3007],[28.80569,41.05528],[27.61768,40.99942],[27.19287,40.69138],[26.35766,40.15145],[26.04446,40.6186],[26.05526,40.8234],[26.29286,40.9368],[26.60247,41.56135],[26.11646,41.82708]]]]}},{"type":"Feature","id":"008","properties":{"name":"Albania"},"geometry":{"type":"Polygon","coordinates":[[[21.01881,40.84202],[21.00081,40.57967],[20.67321,40.4358],[20.61561,40.11083],[20.1512,39.62507],[19.9784,39.69446],[19.9604,39.91449],[19.40599,40.25131],[19.31959,40.72692],[19.40239,41.40902],[19.5392,41.72045],[19.36999,41.87786],[19.30519,42.19606],[19.7372,42.6886],[19.802,42.50072],[20.072,42.58874],[20.2844,42.31962],[20.52201,42.21807],[20.59041,41.85586],[20.4644,41.51565],[20.60481,41.08574],[21.01881,40.84202]]]}},{"type":"Feature","id":"191","properties":{"name":"Croatia"},"geometry":{"type":"Polygon","coordinates":[[[16.56557,46.50362],[16.88237,46.38007],[17.63118,45.95185],[18.45558,45.7589],[18.82999,45.90954],[19.07119,45.52194],[19.39159,45.2359],[19.00639,44.86015],[18.55279,45.08187],[17.86158,45.06833],[17.00117,45.23421],[16.53317,45.2122],[16.31716,45.00402],[15.96076,45.23421],[15.74836,44.81953],[16.23796,44.35069],[16.45756,44.04095],[16.91477,43.6669],[17.29637,43.44686],[17.67438,43.0288],[18.55999,42.64967],[18.44838,42.48041],[17.50878,42.84939],[16.92917,43.2099],[16.01476,43.5078],[15.17595,44.24237],[15.37755,44.31853],[14.92035,44.73829],[14.90235,45.0768],[14.25794,45.23421],[13.95194,44.8026],[13.65674,45.13773],[13.67834,45.4847],[13.71434,45.49994],[14.41274,45.46609],[14.59635,45.63534],[14.93475,45.47116],[15.32715,45.45255],[15.32355,45.73182],[15.67276,45.83337],[15.76996,46.23789],[16.56557,46.50362]]]}},{"type":"Feature","id":"756","properties":{"name":"Switzerland"},"geometry":{"type":"Polygon","coordinates":[[[9.5959,47.52424],[9.6319,47.34821],[9.48069,47.10279],[9.9307,46.91999],[10.4419,46.89291],[10.3627,46.48331],[9.9235,46.31406],[9.18189,46.441],[8.96589,46.03648],[8.49068,46.00432],[8.31788,46.16342],[7.75628,45.82491],[7.27387,45.77752],[6.84187,45.99078],[6.49986,46.42915],[6.02106,46.27344],[6.03906,46.72535],[6.76987,47.28728],[6.73747,47.54116],[7.19107,47.44976],[7.46827,47.62071],[8.31788,47.61394],[8.52309,47.83059],[9.5959,47.52424]]]}},{"type":"Feature","id":"442","properties":{"name":"Luxembourg"},"geometry":{"type":"Polygon","coordinates":[[[6.04266,50.12739],[6.24426,49.90228],[6.18666,49.46391],[5.89866,49.44191],[5.67546,49.52992],[5.78346,50.09016],[6.04266,50.12739]]]}},{"type":"Feature","id":"056","properties":{"name":"Belgium"},"geometry":{"type":"Polygon","coordinates":[[[6.15786,50.80442],[6.04266,50.12739],[5.78346,50.09016],[5.67546,49.52992],[4.80065,49.98522],[4.28584,49.90736],[3.58744,50.37958],[3.12303,50.78072],[2.65863,50.79765],[2.51463,51.148],[3.31383,51.34603],[4.04824,51.26648],[4.97345,51.47467],[5.60706,51.03799],[6.15786,50.80442]]]}},{"type":"Feature","id":"528","properties":{"name":"Netherlands"},"geometry":{"type":"Polygon","coordinates":[[[6.90667,53.48204],[7.09027,53.14353],[6.84187,52.22786],[6.58987,51.85211],[5.98866,51.85211],[6.15786,50.80442],[5.60706,51.03799],[4.97345,51.47467],[4.04824,51.26648],[3.31383,51.34603],[3.82864,51.62023],[4.70705,53.09106],[6.07506,53.51082],[6.90667,53.48204]]]}},{"type":"Feature","id":"620","properties":{"name":"Portugal"},"geometry":{"type":"Polygon","coordinates":[[[-9.03429,41.88125],[-8.67069,42.13513],[-8.26388,42.28069],[-8.01188,41.79154],[-7.42147,41.79154],[-7.25227,41.91848],[-6.66907,41.88294],[-6.38826,41.38194],[-6.85267,41.11113],[-6.86347,40.33086],[-7.02547,40.1853],[-7.06507,39.71139],[-7.49707,39.63014],[-7.09747,39.02929],[-7.37467,38.37257],[-7.02907,38.07637],[-7.16587,37.80387],[-7.53668,37.42812],[-7.45387,37.09808],[-7.85708,36.83911],[-8.38268,36.9796],[-8.89749,36.86958],[-8.74629,37.65154],[-8.83989,38.26594],[-9.28629,38.35903],[-9.5275,38.73817],[-9.44829,39.39149],[-9.04869,39.75539],[-8.97669,40.15991],[-8.76789,40.76077],[-8.78949,41.18391],[-8.99109,41.54273],[-9.03429,41.88125]]]}},{"type":"Feature","id":"724","properties":{"name":"Spain"},"geometry":{"type":"Polygon","coordinates":[[[-7.45387,37.09808],[-7.53668,37.42812],[-7.16587,37.80387],[-7.02907,38.07637],[-7.37467,38.37257],[-7.09747,39.02929],[-7.49707,39.63014],[-7.06507,39.71139],[-7.02547,40.1853],[-6.86347,40.33086],[-6.85267,41.11113],[-6.38826,41.38194],[-6.66907,41.88294],[-7.25227,41.91848],[-7.42147,41.79154],[-8.01188,41.79154],[-8.26388,42.28069],[-8.67069,42.13513],[-9.03429,41.88125],[-8.98389,42.59212],[-9.39429,43.02711],[-7.97948,43.74814],[-6.75547,43.56873],[-5.41265,43.57381],[-4.34704,43.40286],[-3.51904,43.45533],[-1.90262,43.42317],[-1.50302,43.03388],[0.3366,42.58027],[0.70021,42.79523],[1.82702,42.34331],[2.98623,42.47364],[3.04023,41.8914],[2.09342,41.22623],[0.81181,41.01466],[0.72181,40.67784],[0.1062,40.12437],[-0.279,39.31025],[0.1098,38.73817],[-0.4662,38.29302],[-0.68221,37.64308],[-1.43821,37.44336],[-2.14742,36.67494],[-3.41463,36.6597],[-4.36864,36.67832],[-4.99505,36.32458],[-5.37665,35.94714],[-5.86626,36.03007],[-6.23706,36.36689],[-6.52147,36.94236],[-7.45387,37.09808]]]}},{"type":"Feature","id":"372","properties":{"name":"Ireland"},"geometry":{"type":"Polygon","coordinates":[[[-6.19746,53.86795],[-6.03186,53.15369],[-6.78787,52.26002],[-8.56269,51.66931],[-9.9775,51.81995],[-9.16749,52.86426],[-9.6895,53.88149],[-8.32868,54.66514],[-7.57268,55.13229],[-7.36747,54.59575],[-7.57268,54.05921],[-6.95347,54.07444],[-6.19746,53.86795]]]}},{"type":"Feature","id":"540","properties":{"name":"New Caledonia"},"geometry":{"type":"Polygon","coordinates":[[[165.77986,-21.08024],[166.60067,-21.69972],[167.11907,-22.16009],[166.74107,-22.40044],[166.19026,-22.12963],[165.47385,-21.67941],[164.82945,-21.14964],[164.16704,-20.44553],[164.03024,-20.10533],[164.45864,-20.12056],[165.02025,-20.46076],[165.45945,-20.79928],[165.77986,-21.08024]]]}},{"type":"Feature","id":"090","properties":{"name":"Solomon Is."},"geometry":{"type":"MultiPolygon","coordinates":[[[[162.11862,-10.48313],[162.39942,-10.82672],[161.70102,-10.81995],[161.31941,-10.20555],[161.91702,-10.4459],[162.11862,-10.48313]]],[[[161.67942,-9.59962],[161.52822,-9.7841],[160.78661,-8.91751],[160.58141,-8.32004],[160.91981,-8.32004],[161.27981,-9.12062],[161.67942,-9.59962]]],[[[160.85141,-9.87212],[160.4626,-9.89581],[159.8506,-9.79426],[159.6418,-9.64024],[159.703,-9.24249],[160.3618,-9.39989],[160.68941,-9.60977],[160.85141,-9.87212]]],[[[159.6418,-8.02046],[159.8758,-8.33697],[159.919,-8.53838],[159.13419,-8.11355],[158.58699,-7.75473],[158.21258,-7.42129],[158.36018,-7.31974],[158.82099,-7.56008],[159.6418,-8.02046]]],[[[157.13977,-7.02185],[157.53938,-7.34851],[157.33777,-7.40437],[156.90217,-7.17756],[156.49176,-6.76627],[156.54217,-6.59871],[157.13977,-7.02185]]]]}},{"type":"Feature","id":"554","properties":{"name":"New Zealand"},"geometry":{"type":"MultiPolygon","coordinates":[[[[176.88597,-40.06567],[176.50797,-40.6056],[176.01116,-41.28939],[175.24075,-41.68883],[175.06795,-41.42649],[174.65035,-41.28262],[175.22635,-40.46004],[174.89875,-39.90826],[173.82234,-39.50882],[173.85114,-39.14661],[174.57475,-38.79794],[174.74395,-38.02783],[174.69715,-37.38127],[174.29034,-36.71102],[174.31914,-36.53499],[173.84034,-36.12201],[173.05553,-35.2368],[172.63433,-34.52931],[173.00873,-34.45145],[173.55234,-35.00661],[174.32994,-35.26557],[174.61075,-36.15586],[175.33795,-37.20863],[175.35595,-36.52653],[175.80956,-36.79903],[175.95716,-37.55561],[176.76357,-37.88058],[177.44037,-37.96182],[178.00918,-37.5793],[178.51679,-37.69609],[178.27558,-38.58299],[177.96958,-39.16692],[177.20637,-39.14661],[176.93997,-39.44958],[177.03357,-39.87949],[176.88597,-40.06567]]],[[[169.6679,-43.55573],[170.52471,-43.03103],[171.12591,-42.51311],[171.56872,-41.76669],[171.95032,-41.5145],[172.09792,-40.95596],[172.79993,-40.49389],[173.01953,-40.91872],[173.24633,-41.3317],[173.95914,-40.92718],[174.24714,-41.34863],[174.24714,-41.77008],[173.87634,-42.23384],[173.22113,-42.9701],[172.70993,-43.37293],[173.08073,-43.85362],[172.31032,-43.86546],[171.45351,-44.24291],[171.18351,-44.89793],[170.61831,-45.90838],[169.8299,-46.35522],[169.33309,-46.64126],[168.41148,-46.61926],[167.76348,-46.2909],[166.67627,-46.21981],[166.51067,-45.85253],[167.04707,-45.11119],[168.30348,-44.12443],[168.94789,-43.93655],[169.6679,-43.55573]]]]}},{"type":"Feature","id":"036","properties":{"name":"Australia"},"geometry":{"type":"MultiPolygon","coordinates":[[[[147.68968,-40.8087],[148.28728,-40.87471],[148.35928,-42.06289],[148.01728,-42.40648],[147.91288,-43.21214],[147.56368,-42.93794],[146.86887,-43.63528],[146.66367,-43.58112],[146.04806,-43.54896],[145.43245,-42.69421],[145.29565,-42.03412],[144.71965,-41.16245],[144.74485,-40.70377],[145.39645,-40.79178],[146.36486,-41.13706],[146.90847,-40.99996],[147.68968,-40.8087]]],[[[126.14706,-32.21558],[125.08865,-32.72843],[124.22104,-32.96031],[124.03024,-33.48331],[123.65944,-33.88952],[122.80983,-33.91491],[122.18342,-34.00293],[121.29781,-33.82182],[120.58141,-33.93015],[119.8938,-33.97585],[119.29979,-34.509],[119.00819,-34.46499],[118.50419,-34.74765],[118.02538,-35.06416],[117.29457,-35.02523],[116.62497,-35.02523],[115.56296,-34.38714],[115.02655,-34.19588],[115.04815,-33.62379],[115.54496,-33.4867],[115.71416,-33.25989],[115.67816,-32.90107],[115.80056,-32.20543],[115.68896,-31.61303],[115.15975,-30.60088],[114.99775,-30.03049],[115.04095,-29.46179],[114.64135,-28.81016],[114.61615,-28.51565],[114.17334,-28.1179],[114.04734,-27.33425],[113.47853,-26.54382],[113.33813,-26.1173],[113.77734,-26.5489],[113.44253,-25.62138],[113.93574,-25.9108],[114.23454,-26.2984],[114.21654,-25.78555],[113.71974,-24.99851],[113.62614,-24.6837],[113.39213,-24.38412],[113.50374,-23.80695],[113.70534,-23.55984],[113.84214,-23.06053],[113.73774,-22.47491],[114.14814,-21.75557],[114.22374,-22.51722],[114.64855,-21.83004],[115.45855,-21.49492],[115.94816,-21.06839],[116.71137,-20.70111],[117.16497,-20.62325],[117.44217,-20.74681],[118.23058,-20.37444],[118.83539,-20.26274],[118.98659,-20.0444],[119.25299,-19.953],[119.8038,-19.97669],[120.85501,-19.68388],[121.39861,-19.24043],[121.65422,-18.70558],[122.24102,-18.19781],[122.28782,-17.79837],[122.31302,-17.25506],[123.01143,-16.40539],[123.43263,-17.2686],[123.86104,-17.06888],[123.50464,-16.59665],[123.81784,-16.11089],[124.25704,-16.32754],[124.37944,-15.56758],[124.92665,-15.07504],[125.16785,-14.68068],[125.67186,-14.50973],[125.68626,-14.23046],[126.12546,-14.34724],[126.14346,-14.09674],[126.58267,-13.95288],[127.06507,-13.81747],[127.80308,-14.27616],[128.36108,-14.86855],[128.98389,-14.87532],[129.6211,-14.9701],[129.40869,-14.42002],[129.8875,-13.61944],[130.3411,-13.3571],[130.1827,-13.10829],[130.61831,-12.53621],[131.22311,-12.18415],[131.73432,-12.30263],[132.57673,-12.11476],[132.55873,-11.60361],[131.82432,-11.27356],[132.35712,-11.128],[133.01953,-11.3768],[133.55234,-11.7864],[134.39474,-12.04198],[134.67915,-11.94042],[135.29835,-12.24847],[135.88156,-11.96243],[136.25956,-12.04875],[136.49356,-11.85749],[136.95077,-12.35172],[136.68437,-12.88656],[136.30636,-13.29109],[135.96076,-13.32494],[136.07596,-13.72438],[135.78436,-14.22369],[135.42795,-14.71622],[135.49995,-14.99719],[136.29556,-15.55065],[137.06597,-15.87055],[137.58078,-16.21583],[138.30438,-16.80822],[138.58519,-16.80653],[139.10719,-17.06211],[139.26199,-17.37185],[140.216,-17.71036],[140.87481,-17.36846],[141.07281,-16.83192],[141.27441,-16.38847],[141.39681,-15.84008],[141.70282,-15.04458],[141.56242,-14.56051],[141.63442,-14.27108],[141.51922,-13.6973],[141.65242,-12.94411],[141.84322,-12.741],[141.68842,-12.40757],[141.92962,-11.8778],[142.11682,-11.32772],[142.14202,-11.04337],[142.51643,-10.66762],[142.79723,-11.15677],[142.86563,-11.78471],[143.11763,-11.90488],[143.15723,-12.32633],[143.52084,-12.8341],[143.59644,-13.4011],[143.56044,-13.76331],[143.92044,-14.54866],[144.56485,-14.17122],[144.89605,-14.59436],[145.37485,-14.98534],[145.27045,-15.42879],[145.48645,-16.28522],[145.63766,-16.78453],[145.88966,-16.90639],[146.15966,-17.76113],[146.06246,-18.28075],[146.38646,-18.95777],[147.47007,-19.48077],[148.17928,-19.95638],[148.84889,-20.39137],[148.71569,-20.63341],[149.28809,-21.26134],[149.6769,-22.34289],[150.0765,-22.12286],[150.4833,-22.55615],[150.72811,-22.40213],[150.90091,-23.46167],[151.61012,-24.07607],[152.07452,-24.45859],[152.85573,-25.26763],[153.13653,-26.0716],[153.16173,-26.64199],[153.09333,-27.25977],[153.56854,-28.10944],[153.51094,-28.99465],[153.33813,-29.45841],[153.06813,-30.35038],[153.08973,-30.92416],[152.89173,-31.64011],[152.44892,-32.55071],[151.71092,-33.04155],[151.34371,-33.81674],[151.00891,-34.31097],[150.71371,-35.17418],[150.3285,-35.67179],[150.0765,-36.4199],[149.9469,-37.10877],[149.9973,-37.42528],[149.42489,-37.77225],[148.30528,-37.80949],[147.38007,-38.21909],[146.92287,-38.60669],[146.31806,-39.0366],[145.49005,-38.59314],[144.87805,-38.41712],[145.03285,-37.89581],[144.48564,-38.08538],[143.61084,-38.80979],[142.74683,-38.53898],[142.17802,-38.37988],[141.60562,-38.3088],[140.63721,-38.01937],[139.9928,-37.40328],[139.8056,-36.64332],[139.5752,-36.13893],[139.08199,-35.73272],[138.12078,-35.61255],[138.44838,-35.12678],[138.20718,-34.38544],[137.71758,-35.07601],[136.82837,-35.2605],[137.35397,-34.70703],[137.50518,-34.12987],[137.89038,-33.64072],[137.81118,-32.89938],[136.99757,-33.75243],[136.37116,-34.09432],[135.98956,-34.88983],[135.20835,-34.47853],[135.24075,-33.94876],[134.61435,-33.22266],[134.08514,-32.8486],[134.27234,-32.61672],[132.99073,-32.01078],[132.28872,-31.98201],[131.32751,-31.49625],[129.5347,-31.59103],[128.24228,-31.94816],[127.10107,-32.28159],[126.14706,-32.21558]]]]}},{"type":"Feature","id":"144","properties":{"name":"Sri Lanka"},"geometry":{"type":"Polygon","coordinates":[[[81.78742,7.52231],[81.63622,6.48138],[81.21861,6.19703],[80.3474,5.96854],[79.8722,6.76404],[79.6958,8.20102],[80.1494,9.82419],[80.84061,9.26903],[81.30501,8.56492],[81.78742,7.52231]]]}},{"type":"Feature","id":"156","properties":{"name":"China"},"geometry":{"type":"MultiPolygon","coordinates":[[[[109.47529,18.19727],[108.65449,18.50701],[108.62569,19.36852],[109.11889,19.82044],[110.2133,20.1014],[110.78571,20.07771],[111.00891,19.69519],[110.56971,19.25512],[110.3393,18.67796],[109.47529,18.19727]]],[[[80.261,42.35009],[80.1818,42.92048],[80.86581,43.18113],[79.9658,44.9177],[81.94582,45.31714],[82.46062,45.53887],[83.18063,47.32959],[85.16425,47.00124],[85.72226,47.45315],[85.76906,48.45514],[86.59707,48.54993],[87.36027,49.2151],[87.75268,49.29804],[88.01548,48.59901],[88.85429,48.06924],[90.2799,47.69349],[90.97111,46.88783],[90.58591,45.71997],[90.94591,45.28667],[92.13392,45.11573],[93.48033,44.97524],[94.68995,44.35238],[95.30555,44.24067],[95.76276,43.31992],[96.34956,42.72583],[97.45117,42.74953],[99.5176,42.52442],[100.84601,42.66321],[101.83242,42.51426],[103.31203,41.90663],[104.52165,41.90833],[104.96445,41.5969],[106.13086,42.13513],[107.74368,42.4821],[109.24489,42.51934],[110.4113,42.87139],[111.13131,43.40624],[111.82972,43.74306],[111.66772,44.07311],[111.34731,44.45732],[111.87292,45.10219],[112.43452,45.01248],[113.46413,44.80937],[114.46134,45.33914],[115.98416,45.72674],[116.71857,46.38853],[117.42057,46.67288],[118.87499,46.8049],[119.6634,46.69319],[119.7714,47.04863],[118.86779,47.74765],[118.06498,48.06755],[117.29457,47.69688],[116.30816,47.85259],[115.74296,47.72734],[115.48375,48.13525],[116.19296,49.13386],[116.67897,49.88874],[117.87778,49.5113],[119.28899,50.14263],[119.27819,50.58269],[120.1818,51.64392],[120.73981,51.96382],[120.72541,52.51559],[120.1782,52.75424],[121.00261,53.25186],[122.24462,53.43127],[123.57304,53.45835],[125.06705,53.16046],[125.94546,52.79317],[126.56467,51.78441],[126.93907,51.3545],[127.28827,50.7401],[127.65908,49.76011],[129.39789,49.44021],[130.58231,48.72934],[130.98551,47.78997],[132.50833,47.78828],[133.37233,48.18264],[135.02475,48.47884],[134.49914,47.5784],[134.11394,47.21281],[133.76834,46.11772],[133.09873,45.1445],[131.88192,45.32053],[131.02511,44.96847],[131.28791,44.11204],[131.14391,42.93063],[130.63271,42.90355],[130.63991,42.39578],[129.9955,42.98479],[129.5959,42.42456],[128.05148,41.99465],[128.20988,41.46657],[127.34227,41.50381],[126.87067,41.81693],[126.18306,41.10775],[125.08145,40.56951],[124.26424,39.92803],[122.86743,39.63861],[122.13302,39.16977],[121.05301,38.89727],[121.58582,39.36103],[121.37701,39.75032],[122.16902,40.42226],[121.63982,40.94695],[120.76861,40.59321],[119.6382,39.89757],[119.02259,39.2527],[118.04338,39.20362],[117.53218,38.73817],[118.06138,38.06114],[118.87859,37.89696],[118.91099,37.44844],[119.703,37.15562],[120.82261,37.86988],[121.71182,37.48059],[122.35622,37.45521],[122.51823,36.93051],[121.10341,36.65124],[120.63541,36.11131],[119.6634,35.61032],[119.15219,34.9096],[120.2286,34.35952],[120.62101,33.37614],[121.22941,32.46047],[121.90982,31.69204],[121.89182,30.94901],[121.26541,30.67651],[121.50302,30.14335],[122.09342,29.83192],[121.93862,29.0178],[121.68302,28.22568],[121.12501,28.13598],[120.3942,27.05274],[119.5842,25.74101],[118.65539,24.54775],[117.28017,23.62531],[115.89056,22.78242],[114.76375,22.66732],[114.15174,22.22387],[113.80614,22.54884],[113.24093,22.05123],[111.84412,21.55023],[110.78571,21.3979],[110.4437,20.34175],[109.8893,20.28251],[109.6265,21.00861],[109.8641,21.39452],[108.52129,21.71441],[108.04968,21.55193],[107.04167,21.81258],[106.56647,22.21879],[106.72487,22.79426],[105.81046,22.97706],[105.32805,23.35281],[104.47844,22.81965],[103.50284,22.70456],[102.70723,22.70964],[102.17082,22.46421],[101.65242,22.31865],[101.80362,21.17448],[101.27081,21.20157],[101.18081,21.43683],[101.14841,21.84982],[100.4176,21.5587],[99.982,21.74318],[99.24039,22.11893],[99.532,22.94829],[98.89839,23.14293],[98.66079,24.06368],[97.60598,23.89781],[97.72478,25.08429],[98.67159,25.91873],[98.71119,26.743],[98.68239,27.50804],[98.24678,27.74669],[97.91198,28.3357],[97.32877,28.26123],[96.24876,28.41187],[96.58717,28.83162],[96.11916,29.45279],[95.40635,29.03134],[94.56755,29.27676],[93.41193,28.64036],[92.50473,27.89733],[91.69832,27.77208],[91.25911,28.04119],[90.72991,28.06489],[90.0171,28.29677],[89.47709,28.04289],[88.81469,27.29985],[88.73189,28.08689],[88.11988,27.87702],[86.95347,27.97349],[85.82306,28.20368],[85.01305,28.64205],[84.23544,28.84008],[83.90064,29.32077],[83.33543,29.46294],[82.32742,30.11458],[81.52462,30.42262],[81.11061,30.18397],[79.721,30.883],[78.73819,31.51602],[78.45738,32.61787],[79.17739,32.48416],[79.20979,32.99362],[78.81019,33.50647],[78.91099,34.32228],[77.83818,35.49353],[76.19296,35.89805],[75.89776,36.66647],[75.15975,37.13362],[74.97975,37.41966],[74.82855,37.99005],[74.86455,38.37934],[74.25614,38.60615],[73.92854,38.50628],[73.67654,39.43042],[73.96094,39.66061],[73.82054,39.89418],[74.77815,40.36641],[75.46935,40.56274],[76.52777,40.42734],[76.90577,41.06713],[78.18738,41.1856],[78.54379,41.58166],[80.1206,42.12328],[80.261,42.35009]]]]}},{"type":"Feature","id":"158","properties":{"name":"Taiwan"},"geometry":{"type":"Polygon","coordinates":[[[121.77662,24.39373],[121.17541,22.79088],[120.74701,21.96999],[120.2214,22.81457],[120.1062,23.55591],[120.69301,24.53929],[121.49581,25.29586],[121.95302,24.99797],[121.77662,24.39373]]]}},{"type":"Feature","id":"380","properties":{"name":"Italy"},"geometry":{"type":"MultiPolygon","coordinates":[[[[10.4419,46.89291],[11.05031,46.75074],[11.16551,46.942],[12.15192,47.11464],[12.37512,46.76766],[13.80794,46.5087],[13.69634,46.01617],[13.93754,45.59133],[13.14193,45.73689],[12.32832,45.38146],[12.38232,44.88554],[12.25992,44.60119],[12.58753,44.09173],[13.52714,43.58735],[14.03114,42.76138],[15.14355,41.95572],[15.92476,41.9608],[16.16956,41.74076],[15.88876,41.54104],[16.78517,41.17883],[17.51958,40.87756],[18.37638,40.35625],[18.48078,40.16838],[18.29358,39.81125],[17.73918,40.27839],[16.86797,40.44257],[16.45036,39.79601],[17.17037,39.42534],[17.05157,38.90234],[16.63397,38.8431],[16.10116,37.98667],[15.68356,37.90881],[15.68716,38.21516],[15.89236,38.75171],[16.10836,38.96497],[15.71956,39.54382],[15.41355,40.04821],[14.99955,40.17345],[14.70435,40.60506],[14.05994,40.78616],[13.62794,41.18899],[12.88633,41.25331],[12.10512,41.70522],[11.19071,42.35516],[10.51031,42.93063],[10.2007,43.92078],[9.7039,44.03587],[8.89029,44.36592],[8.42948,44.23052],[7.84988,43.76676],[7.43587,43.69398],[7.55108,44.12727],[7.00747,44.25421],[6.74827,45.02771],[7.09747,45.33237],[6.80227,45.70812],[6.84187,45.99078],[7.27387,45.77752],[7.75628,45.82491],[8.31788,46.16342],[8.49068,46.00432],[8.96589,46.03648],[9.18189,46.441],[9.9235,46.31406],[10.3627,46.48331],[10.4419,46.89291]]],[[[14.76195,38.14408],[15.52156,38.2304],[15.16155,37.44336],[15.30915,37.13362],[15.10035,36.62077],[14.33354,36.99652],[13.82594,37.10485],[12.43272,37.61261],[12.56953,38.12715],[13.73954,38.03575],[14.76195,38.14408]]],[[[8.71029,40.89956],[9.21069,41.2093],[9.8083,40.50012],[9.6679,39.17654],[9.21429,39.24086],[8.80749,38.90742],[8.42948,39.17146],[8.38988,40.37825],[8.15948,40.95034],[8.71029,40.89956]]]]}},{"type":"Feature","id":"208","properties":{"name":"Denmark"},"geometry":{"type":"MultiPolygon","coordinates":[[[[9.9235,54.98334],[9.28269,54.83101],[8.52669,54.96303],[8.11988,55.51819],[8.09108,56.5405],[8.25668,56.80961],[8.54469,57.1092],[9.42309,57.17182],[9.7759,57.44771],[10.57871,57.73037],[10.54631,57.21583],[10.2511,56.89086],[10.3699,56.60989],[10.91351,56.45925],[10.66871,56.08181],[10.3699,56.19014],[9.6499,55.4708],[9.9235,54.98334]]],[[[12.37152,56.11059],[12.68833,55.60959],[12.09072,54.80055],[11.04311,55.36417],[10.90271,55.78054],[12.37152,56.11059]]]]}},{"type":"Feature","id":"826","properties":{"name":"United Kingdom"},"geometry":{"type":"MultiPolygon","coordinates":[[[[-6.19746,53.86795],[-6.95347,54.07444],[-7.57268,54.05921],[-7.36747,54.59575],[-7.57268,55.13229],[-6.73387,55.17291],[-5.66106,54.55513],[-6.19746,53.86795]]],[[[-3.09423,53.40419],[-3.09063,53.40419],[-2.94663,53.98473],[-3.61624,54.60082],[-3.63064,54.61436],[-4.84385,54.79039],[-5.08145,55.0612],[-4.71785,55.50804],[-5.04905,55.78392],[-5.58546,55.3117],[-5.64666,56.27476],[-6.15066,56.78422],[-5.78706,57.81838],[-5.00945,58.63081],[-4.21024,58.55126],[-3.00423,58.63419],[-4.07344,57.55265],[-3.05463,57.68974],[-1.96022,57.68467],[-2.21942,56.87055],[-3.11943,55.97349],[-2.08622,55.90917],[-2.00702,55.80423],[-1.11421,54.62452],[-0.4302,54.46373],[0.1854,53.32464],[0.4698,52.93027],[1.68302,52.73901],[1.56062,52.09922],[1.04941,51.80641],[1.44901,51.29018],[0.54901,50.76549],[-0.78661,50.77564],[-2.48942,50.49975],[-2.95743,50.69609],[-3.61624,50.22895],[-4.54145,50.34235],[-5.24345,49.95983],[-5.77626,50.15955],[-4.31104,51.21063],[-3.41463,51.42558],[-3.42183,51.42728],[-4.98425,51.59315],[-5.26865,51.9909],[-4.22104,52.30064],[-4.76825,52.84056],[-4.58105,53.49558],[-3.09423,53.40419]]]]}},{"type":"Feature","id":"352","properties":{"name":"Iceland"},"geometry":{"type":"Polygon","coordinates":[[[-14.50995,66.4555],[-14.74035,65.80895],[-13.60994,65.12685],[-14.90955,64.3635],[-17.79318,63.67802],[-18.65719,63.49691],[-19.9712,63.64416],[-22.76123,63.96067],[-21.77842,64.40243],[-23.95644,64.89158],[-22.18522,65.08453],[-22.22842,65.37904],[-24.32724,65.61092],[-23.65044,66.26255],[-22.13482,66.40981],[-20.57601,65.73278],[-19.05679,66.27609],[-17.80038,65.99344],[-16.16956,66.52659],[-14.50995,66.4555]]]}},{"type":"Feature","id":"031","properties":{"name":"Azerbaijan"},"geometry":{"type":"MultiPolygon","coordinates":[[[[46.40626,41.86094],[46.68707,41.82708],[47.37467,41.21946],[47.81388,41.15175],[47.98668,41.40564],[48.58429,41.80847],[49.10989,41.28208],[49.6175,40.5729],[50.0855,40.52551],[50.3915,40.25639],[49.5707,40.17684],[49.39429,39.39996],[49.22149,39.0496],[48.85789,38.81602],[48.88309,38.3201],[48.63469,38.27102],[48.01188,38.79402],[48.35388,39.28825],[48.05868,39.58275],[47.68428,39.50828],[46.50707,38.77032],[46.48186,39.46427],[46.03546,39.62845],[45.61066,39.89926],[45.89146,40.21915],[45.35865,40.56105],[45.56026,40.81155],[45.17865,40.98588],[44.97345,41.24823],[45.21825,41.41072],[45.96346,41.12467],[46.49986,41.06374],[46.63667,41.18222],[46.14706,41.72215],[46.40626,41.86094]]],[[[46.14346,38.74155],[45.45945,38.87357],[44.95185,39.33564],[44.79345,39.71308],[45.00225,39.74016],[45.29745,39.47104],[45.74026,39.47443],[45.73666,39.32041],[46.14346,38.74155]]]]}},{"type":"Feature","id":"268","properties":{"name":"Georgia"},"geometry":{"type":"Polygon","coordinates":[[[39.955,43.43502],[40.0774,43.55349],[40.92341,43.38255],[42.39582,43.22006],[43.75664,42.74107],[43.92944,42.55488],[44.53785,42.71229],[45.47025,42.50242],[45.77626,42.09282],[46.40626,41.86094],[46.14706,41.72215],[46.63667,41.18222],[46.49986,41.06374],[45.96346,41.12467],[45.21825,41.41072],[44.97345,41.24823],[43.58384,41.09251],[42.61903,41.58336],[41.55342,41.53596],[41.70462,41.96249],[41.45261,42.64459],[40.87661,43.01357],[40.3222,43.12866],[39.955,43.43502]]]}},{"type":"Feature","id":"608","properties":{"name":"Philippines"},"geometry":{"type":"MultiPolygon","coordinates":[[[[120.83341,12.70492],[120.3222,13.46657],[121.17901,13.42934],[121.52822,13.06882],[121.26181,12.20562],[120.83341,12.70492]]],[[[122.58663,9.98159],[122.83863,10.26087],[122.94663,10.88204],[123.49743,10.94128],[123.33903,10.26764],[124.07704,11.2324],[123.98344,10.27948],[123.62344,9.94944],[123.31023,9.31811],[122.99703,9.02191],[122.38142,9.71417],[122.58663,9.98159]]],[[[126.37746,8.41429],[126.47826,7.7508],[126.53587,7.18887],[126.19746,6.27489],[125.83026,7.29381],[125.36225,6.78604],[125.68266,6.04978],[125.39825,5.58094],[124.22104,6.16149],[123.94024,6.8859],[124.24264,7.35982],[123.60904,7.83374],[123.29583,7.41906],[122.82423,7.45799],[122.08622,6.89945],[121.92062,7.19226],[122.31302,8.03515],[122.94303,8.31612],[123.48663,8.69356],[123.83944,8.23995],[124.60265,8.51415],[124.76465,8.96098],[125.47025,8.98637],[125.41265,9.75987],[126.22266,9.28595],[126.30546,8.78326],[126.37746,8.41429]]],[[[118.50419,9.31642],[117.17577,8.36689],[117.66538,9.06761],[118.38538,9.6837],[118.98659,10.37596],[119.5122,11.36949],[119.6886,10.55368],[119.02979,10.0036],[118.50419,9.31642]]],[[[122.33822,18.22435],[122.17262,17.80968],[122.51463,17.09373],[122.25182,16.26268],[121.66142,15.93094],[121.50662,15.12528],[121.72982,14.32808],[122.25902,14.21807],[122.70183,14.33655],[123.95104,13.78139],[123.85384,13.23808],[124.18144,12.99773],[124.07704,12.53736],[123.29943,13.0282],[122.92863,13.55289],[122.67303,13.18561],[122.03582,13.78477],[121.12501,13.63752],[120.62821,13.85755],[120.67861,14.27054],[120.99181,14.52611],[120.69301,14.7563],[120.56341,14.39579],[120.0702,14.97126],[119.9226,15.40624],[119.883,16.36423],[120.2862,16.03418],[120.3906,17.5998],[120.71461,18.50532],[121.32301,18.50363],[121.93862,18.21928],[122.24462,18.47824],[122.33822,18.22435]]],[[[122.03942,11.41519],[121.88462,11.89249],[122.48222,11.58275],[123.11943,11.58445],[123.10143,11.16639],[122.63703,10.74155],[122.00342,10.44028],[121.96742,10.90573],[122.03942,11.41519]]],[[[125.50266,12.1633],[125.78346,11.04621],[125.01305,11.31195],[125.03105,10.97513],[125.27585,10.35904],[124.80065,10.13392],[124.76105,10.83803],[124.45864,10.8905],[124.30384,11.49474],[124.89065,11.41519],[124.87625,11.79432],[124.26784,12.55767],[125.22545,12.53567],[125.50266,12.1633]]]]}},{"type":"Feature","id":"458","properties":{"name":"Malaysia"},"geometry":{"type":"MultiPolygon","coordinates":[[[[100.0864,6.46446],[100.2592,6.64218],[101.07641,6.2055],[101.15561,5.69096],[101.81442,5.81113],[102.14202,6.22242],[102.37242,6.12764],[102.96283,5.52509],[103.38043,4.85483],[103.43803,4.1812],[103.33363,3.7259],[103.43083,3.38231],[103.50284,2.79161],[103.85564,2.51572],[104.24804,1.63051],[104.23004,1.29369],[103.52084,1.22599],[102.57403,1.96733],[101.38961,2.76114],[101.27441,3.2706],[100.69481,3.93916],[100.55801,4.76682],[100.198,5.31183],[100.306,6.04132],[100.0864,6.46446]]],[[[117.88138,4.13719],[117.01377,4.30645],[115.86536,4.30645],[115.51976,3.16905],[115.13455,2.82207],[114.61975,1.43079],[113.80614,1.21753],[112.85933,1.49849],[112.38052,1.41048],[111.79732,0.9044],[111.16011,0.97718],[110.51571,0.77238],[109.8317,1.3377],[109.6625,2.00626],[110.3969,1.66436],[111.16731,1.85054],[111.36891,2.69682],[111.79732,2.88639],[112.99613,3.10304],[113.71254,3.89346],[114.20574,4.52648],[114.65935,4.00686],[114.86815,4.34876],[115.34695,4.3166],[115.40455,4.9547],[115.45135,5.44723],[116.22176,6.14287],[116.72577,6.92483],[117.12897,6.92822],[117.64378,6.42214],[117.69058,5.98716],[118.34938,5.70788],[119.18099,5.4083],[119.10899,5.01563],[118.43938,4.96654],[118.61939,4.47739],[117.88138,4.13719]]]]}},{"type":"Feature","id":"096","properties":{"name":"Brunei"},"geometry":{"type":"Polygon","coordinates":[[[115.45135,5.44723],[115.40455,4.9547],[115.34695,4.3166],[114.86815,4.34876],[114.65935,4.00686],[114.20574,4.52648],[114.60175,4.90053],[115.45135,5.44723]]]}},{"type":"Feature","id":"705","properties":{"name":"Slovenia"},"geometry":{"type":"Polygon","coordinates":[[[13.80794,46.5087],[14.63235,46.43254],[15.13635,46.65934],[16.01116,46.68304],[16.20196,46.85229],[16.37116,46.84214],[16.56557,46.50362],[15.76996,46.23789],[15.67276,45.83337],[15.32355,45.73182],[15.32715,45.45255],[14.93475,45.47116],[14.59635,45.63534],[14.41274,45.46609],[13.71434,45.49994],[13.93754,45.59133],[13.69634,46.01617],[13.80794,46.5087]]]}},{"type":"Feature","id":"246","properties":{"name":"Finland"},"geometry":{"type":"Polygon","coordinates":[[[28.59329,69.06543],[28.44568,68.36471],[29.9757,67.69784],[29.05409,66.94465],[30.2169,65.80556],[29.5437,64.94913],[30.4437,64.2044],[30.0369,63.55277],[31.51652,62.86728],[31.13851,62.35782],[30.2097,61.78066],[28.07128,60.50278],[26.25686,60.42323],[24.49644,60.05763],[22.86923,59.84606],[22.28962,60.39276],[21.32121,60.71942],[21.54442,61.70449],[21.05841,62.60663],[21.53722,63.19056],[22.44442,63.8185],[24.73045,64.90174],[25.39645,65.11161],[25.29565,65.53475],[23.90244,66.00698],[23.56764,66.39627],[23.53884,67.93649],[21.98002,68.6169],[20.64441,69.10605],[21.24561,69.37009],[22.35802,68.84201],[23.66124,68.8911],[24.73405,68.64906],[25.68806,69.09251],[26.18126,69.82539],[27.73288,70.1639],[29.01449,69.76615],[28.59329,69.06543]]]}},{"type":"Feature","id":"703","properties":{"name":"Slovakia"},"geometry":{"type":"Polygon","coordinates":[[[22.55963,49.08647],[22.28242,48.82581],[22.08442,48.42299],[21.87202,48.31974],[20.80281,48.6244],[20.4752,48.56347],[20.2376,48.3282],[19.7696,48.20295],[19.6616,48.26727],[19.17559,48.11155],[18.77599,48.08109],[18.69679,47.88137],[17.85798,47.75781],[17.48717,47.86783],[16.97957,48.1234],[16.87877,48.47038],[16.96157,48.59732],[17.10197,48.81735],[17.54478,48.80043],[17.88678,48.90367],[17.91198,48.99676],[18.10638,49.04415],[18.17118,49.27096],[18.40158,49.31496],[18.55639,49.49438],[18.85159,49.49607],[18.90919,49.43514],[19.31959,49.57223],[19.8236,49.2168],[20.4176,49.43175],[20.88921,49.3285],[21.60922,49.47068],[22.55963,49.08647]]]}},{"type":"Feature","id":"203","properties":{"name":"Czechia"},"geometry":{"type":"Polygon","coordinates":[[[15.01755,51.10738],[15.49275,50.7841],[16.23796,50.69778],[16.17676,50.4219],[16.72037,50.21541],[16.86797,50.47437],[17.55558,50.36266],[17.64918,50.04953],[18.39438,49.9886],[18.85159,49.49607],[18.55639,49.49438],[18.40158,49.31496],[18.17118,49.27096],[18.10638,49.04415],[17.91198,48.99676],[17.88678,48.90367],[17.54478,48.80043],[17.10197,48.81735],[16.96157,48.59732],[16.50077,48.78519],[16.02916,48.73442],[15.25515,49.03908],[14.90235,48.9646],[14.33714,48.55501],[13.59554,48.87659],[13.03033,49.3065],[12.52273,49.54684],[12.41472,49.96829],[12.23832,50.26618],[12.96553,50.48452],[13.33633,50.73333],[14.05634,50.92628],[14.30834,51.11754],[14.57115,51.00244],[15.01755,51.10738]]]}},{"type":"Feature","id":"232","properties":{"name":"Eritrea"},"geometry":{"type":"Polygon","coordinates":[[[36.43056,14.42287],[36.32256,14.82231],[36.75457,16.29145],[36.85177,16.95663],[37.16857,17.26298],[37.90298,17.42716],[38.41058,17.99755],[38.99019,16.83984],[39.26739,15.92248],[39.8146,15.43502],[41.17901,14.49057],[41.73342,13.92187],[42.27702,13.34471],[42.59023,13.00112],[43.07983,12.69984],[42.78103,12.45612],[42.35262,12.54244],[42.01062,12.86571],[41.60022,13.45134],[41.15381,13.77293],[40.89821,14.11821],[40.027,14.51934],[39.33939,14.53119],[39.09819,14.74107],[38.51139,14.5058],[37.90658,14.95941],[37.59338,14.21299],[36.43056,14.42287]]]}},{"type":"Feature","id":"392","properties":{"name":"Japan"},"geometry":{"type":"MultiPolygon","coordinates":[[[[141.88282,39.18162],[140.96121,38.17454],[140.97561,37.14208],[140.60121,36.34319],[140.77401,35.8422],[140.252,35.13809],[138.97399,34.66756],[137.21717,34.60663],[135.79156,33.46415],[135.12195,33.84836],[135.07875,34.59647],[133.33993,34.37644],[132.15552,33.90422],[130.98551,33.8856],[132.00072,33.14934],[131.33111,31.45001],[130.68671,31.03025],[130.2007,31.41785],[130.4491,32.31998],[129.8155,32.6111],[129.40869,33.29659],[130.3555,33.60463],[130.87751,34.23257],[131.88552,34.7505],[132.61633,35.4326],[134.60715,35.73218],[135.67636,35.52738],[136.72397,37.30457],[137.38997,36.82727],[138.85879,37.82757],[139.42759,38.21516],[140.054,39.43888],[139.8848,40.56274],[140.306,41.19576],[141.36801,41.37856],[141.91522,39.99235],[141.88282,39.18162]]],[[[144.61165,43.9614],[145.32085,44.38454],[145.54406,43.26237],[144.06084,42.98818],[143.18243,41.99465],[141.61282,42.67844],[141.06561,41.58505],[139.9568,41.56982],[139.8164,42.56335],[140.3132,43.33346],[141.37881,43.38932],[141.67042,44.77214],[141.96922,45.55071],[143.14283,44.50979],[143.90964,44.17466],[144.61165,43.9614]]],[[[132.37152,33.46415],[132.92593,34.05993],[133.49473,33.94484],[133.90514,34.36459],[134.63955,34.14964],[134.76555,33.80605],[134.20394,33.20181],[133.79354,33.5217],[133.27873,33.28982],[133.01593,32.70419],[132.36432,32.98854],[132.37152,33.46415]]]]}},{"type":"Feature","id":"600","properties":{"name":"Paraguay"},"geometry":{"type":"Polygon","coordinates":[[[-58.16758,-20.17641],[-57.87238,-20.73327],[-57.93718,-22.0907],[-56.88237,-22.28196],[-56.47196,-22.08562],[-55.79876,-22.35643],[-55.61156,-22.65601],[-55.51796,-23.57169],[-55.39915,-23.95759],[-55.02835,-24.0016],[-54.65395,-23.83911],[-54.29394,-24.02022],[-54.29394,-24.5703],[-54.43074,-25.16269],[-54.62515,-25.73985],[-54.78715,-26.62168],[-55.69436,-27.38841],[-56.48636,-27.5492],[-57.60958,-27.39518],[-58.61759,-27.12437],[-57.63478,-25.60445],[-57.77878,-25.16269],[-58.80839,-24.77171],[-60.0288,-24.03206],[-60.84601,-23.88143],[-62.68563,-22.2498],[-62.28962,-21.05147],[-62.26442,-20.51323],[-61.78562,-19.6331],[-60.0432,-19.34198],[-59.11439,-19.35722],[-58.18198,-19.86837],[-58.16758,-20.17641]]]}},{"type":"Feature","id":"887","properties":{"name":"Yemen"},"geometry":{"type":"Polygon","coordinates":[[[52.00072,18.99955],[52.78193,17.3493],[53.10953,16.65028],[52.38592,16.38285],[52.19152,15.93771],[52.16992,15.5975],[51.17271,15.17606],[49.5743,14.70891],[48.67789,14.00311],[48.23868,13.94726],[47.93988,14.0065],[47.35307,13.59182],[46.71587,13.39887],[45.87706,13.34809],[45.62506,13.29055],[45.40545,13.02651],[45.14265,12.95373],[44.98785,12.69984],[44.49464,12.72185],[44.17424,12.58644],[43.48303,12.63722],[43.22383,13.22115],[43.25263,13.76785],[43.08703,14.06235],[42.89263,14.802],[42.60463,15.21329],[42.80623,15.26238],[42.70183,15.71937],[42.82423,15.91232],[42.78103,16.34731],[43.21663,16.6672],[43.11583,17.08865],[43.38223,17.57949],[43.79264,17.32053],[44.06264,17.41023],[45.21825,17.43393],[45.39825,17.33407],[46.36666,17.23252],[46.74827,17.28329],[47.00027,16.94986],[47.46827,17.11742],[48.18468,18.16681],[49.11709,18.61703],[52.00072,18.99955]]]}},{"type":"Feature","id":"682","properties":{"name":"Saudi Arabia"},"geometry":{"type":"Polygon","coordinates":[[[34.95455,29.35631],[36.07056,29.19721],[36.50257,29.50526],[36.74017,29.86577],[37.50338,30.00456],[37.66898,30.338],[38.00018,30.50895],[37.00297,31.50925],[39.00459,32.01024],[39.19539,32.16088],[40.4014,31.89007],[41.88822,31.18935],[44.71065,29.17859],[46.56827,29.09904],[47.46107,29.00257],[47.70948,28.52527],[48.41508,28.55235],[48.80749,27.68914],[49.30069,27.46065],[49.46989,27.11029],[50.1539,26.68884],[50.2115,26.27755],[50.1143,25.94411],[50.2403,25.6073],[50.52831,25.32802],[50.66151,24.99967],[50.80911,24.75425],[51.11151,24.55622],[51.38871,24.6273],[51.57952,24.24479],[51.61912,24.0146],[52.00072,23.00076],[55.00675,22.49637],[55.20835,22.70794],[55.66556,22.00045],[54.99955,19.99985],[52.00072,18.99955],[49.11709,18.61703],[48.18468,18.16681],[47.46827,17.11742],[47.00027,16.94986],[46.74827,17.28329],[46.36666,17.23252],[45.39825,17.33407],[45.21825,17.43393],[44.06264,17.41023],[43.79264,17.32053],[43.38223,17.57949],[43.11583,17.08865],[43.21663,16.6672],[42.78103,16.34731],[42.64783,16.77383],[42.34902,17.07511],[42.26982,17.47455],[41.75502,17.83337],[41.22221,18.67119],[40.93781,19.487],[40.2466,20.17418],[39.8002,20.33836],[39.13779,21.29127],[39.02259,21.98691],[39.06579,22.57931],[38.49338,23.68793],[38.02538,24.07892],[37.48537,24.28541],[37.15417,24.85918],[37.20817,25.08429],[36.93097,25.60222],[36.63937,25.82564],[36.25056,26.57036],[35.63856,27.37602],[35.13095,28.0632],[34.63055,28.05812],[34.78895,28.6082],[34.83215,28.95687],[34.95455,29.35631]]]}},{"type":"Feature","id":null,"properties":{"name":"N. Cyprus"},"geometry":{"type":"Polygon","coordinates":[[[32.73333,35.13979],[32.80173,35.14486],[32.94573,35.3869],[33.66574,35.37336],[34.57655,35.67125],[33.89974,35.24642],[33.97534,35.05854],[33.86734,35.09409],[33.67654,35.01792],[33.52534,35.03823],[33.47493,35.001],[33.45693,35.10086],[33.38493,35.16348],[33.19053,35.17364],[32.92053,35.08732],[32.73333,35.13979]]]}},{"type":"Feature","id":"196","properties":{"name":"Cyprus"},"geometry":{"type":"Polygon","coordinates":[[[32.73333,35.13979],[32.92053,35.08732],[33.19053,35.17364],[33.38493,35.16348],[33.45693,35.10086],[33.47493,35.001],[33.52534,35.03823],[33.67654,35.01792],[33.86734,35.09409],[33.97534,35.05854],[34.00414,34.9773],[32.97813,34.57109],[32.48852,34.70141],[32.25812,35.10255],[32.73333,35.13979]]]}},{"type":"Feature","id":"504","properties":{"name":"Morocco"},"geometry":{"type":"Polygon","coordinates":[[[-2.16902,35.16856],[-1.79462,34.52708],[-1.73342,33.91945],[-1.38781,32.86329],[-1.12501,32.65172],[-1.30861,32.26244],[-2.61543,32.09487],[-3.06903,31.7242],[-3.64864,31.63788],[-3.69184,30.89654],[-4.85825,30.50048],[-5.24345,30.00118],[-6.06066,29.73206],[-7.05787,29.57973],[-8.67429,28.84177],[-8.66709,27.65698],[-8.81829,27.65698],[-8.79309,27.12044],[-9.41229,27.08828],[-9.7363,26.86148],[-10.1899,26.86148],[-10.54991,26.99012],[-11.39231,26.88348],[-11.71992,26.10491],[-12.02952,26.03044],[-12.50113,24.76948],[-13.89074,23.69132],[-14.22194,22.31019],[-14.63235,21.86166],[-14.75115,21.50115],[-17.00117,21.41991],[-17.01917,21.4216],[-16.97237,21.88536],[-16.59077,22.15786],[-16.26316,22.67917],[-16.32796,23.01768],[-15.98236,23.72348],[-15.42435,24.35988],[-15.08955,24.52067],[-14.82315,25.10291],[-14.80155,25.63607],[-14.44154,26.25385],[-13.77554,26.61945],[-13.13833,27.64006],[-13.12033,27.6536],[-12.61993,28.03781],[-11.68752,28.14783],[-10.90271,28.83162],[-10.3987,29.09904],[-9.5635,29.93348],[-9.8155,31.17751],[-9.43389,32.03733],[-9.30069,32.5654],[-8.65629,33.24073],[-7.65548,33.69773],[-6.91387,34.11071],[-6.24426,35.14656],[-5.93106,35.75926],[-5.19305,35.75588],[-4.59185,35.33104],[-3.64144,35.40044],[-2.60463,35.17871],[-2.16902,35.16856]]]}},{"type":"Feature","id":"818","properties":{"name":"Egypt"},"geometry":{"type":"Polygon","coordinates":[[[36.86617,22.00045],[32.89893,22.00045],[29.02169,22.00045],[25.00045,22.00045],[25.00045,25.68177],[25.00045,29.23783],[24.70165,30.04349],[24.95725,30.66128],[24.80245,31.08949],[25.16605,31.56849],[26.49446,31.58541],[27.45927,31.32137],[28.44928,31.02518],[28.91369,30.86946],[29.6841,31.18766],[30.0945,31.4737],[30.97651,31.55664],[31.68932,31.4297],[31.95932,30.93378],[32.19332,31.26044],[32.99253,31.02348],[33.77374,30.96763],[34.26694,31.21982],[34.82495,29.76083],[34.92215,29.50187],[34.64135,29.09904],[34.42534,28.34416],[34.15534,27.82285],[33.92134,27.64852],[33.58654,27.9718],[33.13653,28.41694],[32.42372,29.85054],[32.31932,29.76083],[32.73333,28.70468],[33.34893,27.6993],[34.10494,26.14214],[34.47214,25.59883],[34.79615,25.03352],[35.69256,23.92658],[35.49455,23.75225],[35.52696,23.10231],[36.68977,22.20525],[36.86617,22.00045]]]}},{"type":"Feature","id":"434","properties":{"name":"Libya"},"geometry":{"type":"Polygon","coordinates":[[[25.00045,22.00045],[25.00045,20.00323],[23.84844,19.99985],[23.83764,19.58009],[19.8488,21.49438],[15.85996,23.41035],[14.85195,22.86366],[14.14274,22.4913],[13.58114,23.03968],[12.00072,23.47129],[11.56152,24.09753],[10.77311,24.56299],[10.3051,24.3785],[9.9487,24.93704],[9.9091,25.36526],[9.31869,26.09475],[9.7147,26.51281],[9.6283,27.14075],[9.7579,27.68745],[9.6823,28.14444],[9.8587,28.96025],[9.8047,29.42402],[9.48069,30.30753],[9.9703,30.53941],[10.0567,30.96255],[9.9487,31.37554],[10.63631,31.76144],[10.94591,32.08133],[11.43191,32.36907],[11.48951,33.13749],[12.66313,32.79221],[13.08433,32.87853],[13.91954,32.71266],[15.24435,32.26582],[15.71236,31.37554],[16.61237,31.18258],[18.01998,30.76283],[19.08559,30.26691],[19.5752,30.52587],[20.054,30.98625],[19.82,31.75128],[20.1332,32.23874],[20.85321,32.70758],[21.54442,32.84298],[22.89443,32.63818],[23.23643,32.19135],[23.61084,32.18796],[23.92764,32.01701],[24.92125,31.89854],[25.16605,31.56849],[24.80245,31.08949],[24.95725,30.66128],[24.70165,30.04349],[25.00045,29.23783],[25.00045,25.68177],[25.00045,22.00045]]]}},{"type":"Feature","id":"231","properties":{"name":"Ethiopia"},"geometry":{"type":"Polygon","coordinates":[[[47.78868,8.00299],[44.96265,5.00209],[43.65944,4.95808],[42.77023,4.25228],[42.12942,4.23367],[41.85582,3.91885],[41.17181,3.91885],[40.76861,4.25736],[39.8542,3.8393],[39.559,3.42124],[38.89299,3.50079],[38.66979,3.61588],[38.43578,3.5888],[38.12258,3.59896],[36.85537,4.44862],[36.16056,4.44862],[35.81856,4.77698],[35.81856,5.33891],[35.29655,5.50647],[34.70615,6.59478],[34.24894,6.82667],[34.07614,7.22611],[33.56854,7.71357],[32.95293,7.78465],[33.29493,8.35505],[33.82414,8.37874],[33.97534,8.68509],[33.96094,9.58384],[34.25614,10.62984],[34.73135,10.91081],[34.83215,11.31872],[35.26055,12.08206],[35.86536,12.57798],[36.26856,13.56305],[36.43056,14.42287],[37.59338,14.21299],[37.90658,14.95941],[38.51139,14.5058],[39.09819,14.74107],[39.33939,14.53119],[40.027,14.51934],[40.89821,14.11821],[41.15381,13.77293],[41.60022,13.45134],[42.01062,12.86571],[42.35262,12.54244],[41.99982,12.10068],[41.66142,11.63184],[41.74062,11.35595],[41.75502,11.05129],[42.31302,11.03437],[42.55423,11.10545],[42.77743,10.92604],[42.55783,10.5723],[42.92863,10.02222],[43.29583,9.53984],[43.67744,9.1844],[46.94987,7.99622],[47.78868,8.00299]]]}},{"type":"Feature","id":"262","properties":{"name":"Djibouti"},"geometry":{"type":"Polygon","coordinates":[[[42.35262,12.54244],[42.78103,12.45612],[43.07983,12.69984],[43.31743,12.39011],[43.28503,11.97543],[42.71623,11.73509],[43.14463,11.46258],[42.77743,10.92604],[42.55423,11.10545],[42.31302,11.03437],[41.75502,11.05129],[41.74062,11.35595],[41.66142,11.63184],[41.99982,12.10068],[42.35262,12.54244]]]}},{"type":"Feature","id":null,"properties":{"name":"Somaliland"},"geometry":{"type":"Polygon","coordinates":[[[48.94789,11.41011],[48.94069,11.39488],[48.93709,10.9819],[48.93709,9.97313],[48.93709,9.45182],[48.48708,8.83742],[47.78868,8.00299],[46.94987,7.99622],[43.67744,9.1844],[43.29583,9.53984],[42.92863,10.02222],[42.55783,10.5723],[42.77743,10.92604],[43.14463,11.46258],[43.47223,11.27809],[43.66664,10.86342],[44.11664,10.44536],[44.61345,10.44197],[45.55666,10.69755],[46.64387,10.81603],[47.52588,11.12746],[48.02268,11.19347],[48.37908,11.37626],[48.94789,11.41011]]]}},{"type":"Feature","id":"800","properties":{"name":"Uganda"},"geometry":{"type":"Polygon","coordinates":[[[33.90334,-0.95064],[31.86572,-1.02681],[30.77131,-1.01496],[30.4185,-1.13513],[29.8209,-1.44318],[29.5797,-1.34162],[29.5869,-0.58674],[29.8209,-0.20592],[29.8749,0.59805],[30.0873,1.06181],[30.4689,1.58312],[30.85411,1.84885],[31.17451,2.20429],[30.77491,2.33969],[30.83251,3.50925],[31.24651,3.78175],[31.88012,3.55833],[32.68653,3.79191],[33.38853,3.79022],[34.00414,4.25059],[34.47934,3.55495],[34.59455,3.05395],[35.03735,1.9064],[34.67375,1.1769],[34.18054,0.51511],[33.89254,0.11059],[33.90334,-0.95064]]]}},{"type":"Feature","id":"646","properties":{"name":"Rwanda"},"geometry":{"type":"Polygon","coordinates":[[[30.4185,-1.13513],[30.81451,-1.69875],[30.75691,-2.28776],[30.4689,-2.41301],[29.9397,-2.34869],[29.6337,-2.91739],[29.02529,-2.83954],[29.11889,-2.29284],[29.25569,-2.21498],[29.29169,-1.62089],[29.5797,-1.34162],[29.8209,-1.44318],[30.4185,-1.13513]]]}},{"type":"Feature","id":"070","properties":{"name":"Bosnia and Herz."},"geometry":{"type":"Polygon","coordinates":[[[18.55999,42.64967],[17.67438,43.0288],[17.29637,43.44686],[16.91477,43.6669],[16.45756,44.04095],[16.23796,44.35069],[15.74836,44.81953],[15.96076,45.23421],[16.31716,45.00402],[16.53317,45.2122],[17.00117,45.23421],[17.86158,45.06833],[18.55279,45.08187],[19.00639,44.86015],[19.36639,44.86353],[19.11799,44.42347],[19.6004,44.03926],[19.45279,43.56873],[19.21879,43.52303],[19.03159,43.43332],[18.70759,43.19975],[18.55999,42.64967]]]}},{"type":"Feature","id":"807","properties":{"name":"Macedonia"},"geometry":{"type":"Polygon","coordinates":[[[22.37962,42.31962],[22.88003,41.99973],[22.95203,41.33794],[22.76123,41.30408],[22.59563,41.12975],[22.05562,41.15006],[21.67402,40.93172],[21.01881,40.84202],[20.60481,41.08574],[20.4644,41.51565],[20.59041,41.85586],[20.71641,41.8474],[20.76321,42.05219],[21.35361,42.20622],[21.57682,42.24515],[21.91882,42.30439],[22.37962,42.31962]]]}},{"type":"Feature","id":"688","properties":{"name":"Serbia"},"geometry":{"type":"Polygon","coordinates":[[[18.82999,45.90954],[19.5968,46.17188],[20.2196,46.12788],[20.76321,45.7352],[20.87481,45.417],[21.48321,45.18174],[21.56242,44.76875],[22.14562,44.47763],[22.45882,44.70274],[22.70723,44.57749],[22.47322,44.40993],[22.65683,44.2356],[22.41202,44.00879],[22.49842,43.6432],[22.98443,43.2116],[22.60643,42.89847],[22.43722,42.58027],[22.54523,42.46179],[22.37962,42.31962],[21.91882,42.30439],[21.57682,42.24515],[21.54442,42.31962],[21.66322,42.43979],[21.77482,42.68352],[21.63442,42.67675],[21.44001,42.86293],[21.27441,42.91032],[21.14481,43.06942],[20.95761,43.13035],[20.81361,43.27253],[20.63361,43.21668],[20.4968,42.88493],[20.2592,42.81215],[20.3384,42.89847],[19.9568,43.10666],[19.6292,43.21329],[19.48519,43.35208],[19.21879,43.52303],[19.45279,43.56873],[19.6004,44.03926],[19.11799,44.42347],[19.36639,44.86353],[19.00639,44.86015],[19.39159,45.2359],[19.07119,45.52194],[18.82999,45.90954]]]}},{"type":"Feature","id":"499","properties":{"name":"Montenegro"},"geometry":{"type":"Polygon","coordinates":[[[20.072,42.58874],[19.802,42.50072],[19.7372,42.6886],[19.30519,42.19606],[19.36999,41.87786],[19.16119,41.95572],[18.88039,42.28069],[18.44838,42.48041],[18.55999,42.64967],[18.70759,43.19975],[19.03159,43.43332],[19.21879,43.52303],[19.48519,43.35208],[19.6292,43.21329],[19.9568,43.10666],[20.3384,42.89847],[20.2592,42.81215],[20.072,42.58874]]]}},{"type":"Feature","id":null,"properties":{"name":"Kosovo"},"geometry":{"type":"Polygon","coordinates":[[[20.59041,41.85586],[20.52201,42.21807],[20.2844,42.31962],[20.072,42.58874],[20.2592,42.81215],[20.4968,42.88493],[20.63361,43.21668],[20.81361,43.27253],[20.95761,43.13035],[21.14481,43.06942],[21.27441,42.91032],[21.44001,42.86293],[21.63442,42.67675],[21.77482,42.68352],[21.66322,42.43979],[21.54442,42.31962],[21.57682,42.24515],[21.35361,42.20622],[20.76321,42.05219],[20.71641,41.8474],[20.59041,41.85586]]]}},{"type":"Feature","id":"780","properties":{"name":"Trinidad and Tobago"},"geometry":{"type":"Polygon","coordinates":[[[-61.68122,10.76017],[-61.10521,10.8905],[-60.89641,10.85495],[-60.93601,10.11023],[-61.77122,10.00021],[-61.95122,10.08992],[-61.65962,10.36581],[-61.68122,10.76017]]]}},{"type":"Feature","id":"728","properties":{"name":"S. Sudan"},"geometry":{"type":"Polygon","coordinates":[[[30.83251,3.50925],[29.9541,4.17443],[29.7165,4.60095],[29.15849,4.38938],[28.69769,4.45539],[28.42768,4.28783],[27.98128,4.408],[27.37287,5.23397],[27.21447,5.55048],[26.46566,5.94653],[26.21366,6.54739],[25.79606,6.979],[25.12285,7.5003],[25.11565,7.82527],[24.56845,8.2298],[23.88804,8.61908],[24.19404,8.7291],[24.53605,8.91698],[24.79525,9.81065],[25.06885,10.27441],[25.78886,10.4115],[25.96166,10.13562],[26.47646,9.55338],[26.75367,9.46706],[27.11367,9.63801],[27.83368,9.60415],[27.97048,9.39766],[28.96769,9.39766],[29.00009,9.60415],[29.5149,9.79372],[29.6193,10.08484],[29.9973,10.29133],[30.83611,9.7074],[31.35451,9.81065],[31.85132,10.53168],[32.39852,11.08006],[32.31572,11.68092],[32.07452,11.97374],[32.67573,12.02451],[32.74413,12.24793],[33.20853,12.17854],[33.08613,11.44058],[33.20853,10.71955],[33.72334,10.32518],[33.84214,9.98159],[33.82414,9.48398],[33.96454,9.46367],[33.97534,8.68509],[33.82414,8.37874],[33.29493,8.35505],[32.95293,7.78465],[33.56854,7.71357],[34.07614,7.22611],[34.24894,6.82667],[34.70615,6.59478],[35.29655,5.50647],[34.61975,4.84637],[34.00414,4.25059],[33.38853,3.79022],[32.68653,3.79191],[31.88012,3.55833],[31.24651,3.78175],[30.83251,3.50925]]]}}]}